,latitude,longitude,timestamp,coordinates
0,18.4946,115.3192,1563193841.0,POINT (115.3192 18.4946)
1,19.0085,115.746,1563193851.0,POINT (115.746 19.0085)
2,19.4969,116.1551,1563193861.0,POINT (116.1551 19.4969)
3,19.9842,116.5671,1563193871.0,POINT (116.5671 19.9842)
4,20.4703,116.9818,1563193881.0,POINT (116.9818 20.4703)
5,20.9552,117.3994,1563193891.0,POINT (117.3994 20.9552)
6,21.4631,117.8412,1563193902.0,POINT (117.8412 21.4631)
7,21.9455,118.2651,1563193912.0,POINT (118.2651 21.9455)
8,22.4265,118.6922,1563193922.0,POINT (118.6922 22.4265)
9,22.9062,119.1225,1563193932.0,POINT (119.1225 22.9062)
10,23.4084,119.578,1563193942.0,POINT (119.578 23.4084)
11,23.8852,120.0153,1563193952.0,POINT (120.0153 23.8852)
12,24.3604,120.4562,1563193962.0,POINT (120.4562 24.3604)
13,24.8343,120.9008,1563193972.0,POINT (120.9008 24.8343)
14,25.33,121.3716,1563193983.0,POINT (121.3716 25.33)
15,25.8005,121.824,1563193993.0,POINT (121.824 25.8005)
16,26.2693,122.2802,1563194003.0,POINT (122.2802 26.2693)
17,26.7364,122.7405,1563194013.0,POINT (122.7405 26.7364)
18,27.2249,123.2284,1563194024.0,POINT (123.2284 27.2249)
19,27.6882,123.6973,1563194034.0,POINT (123.6973 27.6882)
20,28.1497,124.1706,1563194044.0,POINT (124.1706 28.1497)
21,28.6094,124.6485,1563194054.0,POINT (124.6485 28.6094)
22,29.0898,125.1551,1563194064.0,POINT (125.1551 29.0898)
23,29.5452,125.6424,1563194074.0,POINT (125.6424 29.5452)
24,29.9986,126.1345,1563194084.0,POINT (126.1345 29.9986)
25,30.4497,126.6315,1563194094.0,POINT (126.6315 30.4497)
26,30.921,127.1587,1563194105.0,POINT (127.1587 30.921)
27,31.3675,127.6661,1563194115.0,POINT (127.6661 31.3675)
28,31.8117,128.1788,1563194125.0,POINT (128.1788 31.8117)
29,32.2535,128.6969,1563194135.0,POINT (128.6969 32.2535)
30,32.7146,129.2467,1563194145.0,POINT (129.2467 32.7146)
31,33.1511,129.776,1563194155.0,POINT (129.776 33.1511)
32,33.585,130.3111,1563194165.0,POINT (130.3111 33.585)
33,34.0378,130.8793,1563194176.0,POINT (130.8793 34.0378)
34,34.4661,131.4265,1563194186.0,POINT (131.4265 34.4661)
35,34.8916,131.9797,1563194196.0,POINT (131.9797 34.8916)
36,35.3142,132.5392,1563194206.0,POINT (132.5392 35.3142)
37,35.7546,133.1334,1563194217.0,POINT (133.1334 35.7546)
38,36.1709,133.7059,1563194227.0,POINT (133.7059 36.1709)
39,36.584,134.285,1563194237.0,POINT (134.285 36.584)
40,36.9939,134.8708,1563194247.0,POINT (134.8708 36.9939)
41,37.4207,135.4932,1563194257.0,POINT (135.4932 37.4207)
42,37.8237,136.0931,1563194267.0,POINT (136.0931 37.8237)
43,38.2232,136.7,1563194277.0,POINT (136.7 38.2232)
44,38.6387,137.3449,1563194288.0,POINT (137.3449 38.6387)
45,39.0307,137.9666,1563194298.0,POINT (137.9666 39.0307)
46,39.4189,138.5957,1563194308.0,POINT (138.5957 39.4189)
47,39.8031,139.2322,1563194318.0,POINT (139.2322 39.8031)
48,40.2023,139.9088,1563194328.0,POINT (139.9088 40.2023)
49,40.5782,140.561,1563194338.0,POINT (140.561 40.5782)
50,40.95,141.2211,1563194348.0,POINT (141.2211 40.95)
51,41.3175,141.8891,1563194358.0,POINT (141.8891 41.3175)
52,41.6985,142.5991,1563194369.0,POINT (142.5991 41.6985)
53,42.0569,143.2838,1563194379.0,POINT (143.2838 42.0569)
54,42.4106,143.9765,1563194389.0,POINT (143.9765 42.4106)
55,42.7595,144.6776,1563194399.0,POINT (144.6776 42.7595)
56,43.1206,145.4227,1563194409.0,POINT (145.4227 43.1206)
57,43.4595,146.1411,1563194419.0,POINT (146.1411 43.4595)
58,43.7933,146.8681,1563194430.0,POINT (146.8681 43.7933)
59,44.1219,147.6036,1563194440.0,POINT (147.6036 44.1219)
60,44.4612,148.3852,1563194450.0,POINT (148.3852 44.4612)
61,44.7787,149.1385,1563194460.0,POINT (149.1385 44.7787)
62,45.0906,149.9004,1563194470.0,POINT (149.9004 45.0906)
63,45.4119,150.71,1563194481.0,POINT (150.71 45.4119)
64,45.7121,151.4901,1563194491.0,POINT (151.4901 45.7121)
65,46.0062,152.2789,1563194501.0,POINT (152.2789 46.0062)
66,46.2943,153.0765,1563194511.0,POINT (153.0765 46.2943)
67,46.59,153.9234,1563194521.0,POINT (153.9234 46.59)
68,46.8652,154.739,1563194531.0,POINT (154.739 46.8652)
69,47.1339,155.5633,1563194541.0,POINT (155.5633 47.1339)
70,47.396,156.3965,1563194551.0,POINT (156.3965 47.396)
71,47.664,157.2806,1563194562.0,POINT (157.2806 47.664)
72,47.9121,158.1314,1563194572.0,POINT (158.1314 47.9121)
73,48.1533,158.9907,1563194582.0,POINT (158.9907 48.1533)
74,48.3874,159.8584,1563194592.0,POINT (159.8584 48.3874)
75,48.6254,160.7785,1563194602.0,POINT (160.7785 48.6254)
76,48.8445,161.663,1563194612.0,POINT (161.663 48.8445)
77,49.0561,162.5555,1563194622.0,POINT (162.5555 49.0561)
78,49.2601,163.456,1563194633.0,POINT (163.456 49.2601)
79,49.466,164.4098,1563194643.0,POINT (164.4098 49.466)
80,49.654,165.3258,1563194653.0,POINT (165.3258 49.654)
81,49.834,166.2492,1563194663.0,POINT (166.2492 49.834)
82,50.0144,167.2262,1563194674.0,POINT (167.2262 50.0144)
83,50.1777,168.1638,1563194684.0,POINT (168.1638 50.1777)
84,50.3404,169.1554,1563194694.0,POINT (169.1554 50.3404)
85,50.4866,170.1062,1563194704.0,POINT (170.1062 50.4866)
86,50.6244,171.063,1563194714.0,POINT (171.063 50.6244)
87,50.7535,172.0254,1563194724.0,POINT (172.0254 50.7535)
88,50.8798,173.0418,1563194735.0,POINT (173.0418 50.8798)
89,50.9911,174.0153,1563194745.0,POINT (174.0153 50.9911)
90,51.0935,174.9932,1563194755.0,POINT (174.9932 51.0935)
91,51.187,175.9754,1563194765.0,POINT (175.9754 51.187)
92,51.2755,177.011,1563194775.0,POINT (177.011 51.2755)
93,51.3505,178.0009,1563194785.0,POINT (178.0009 51.3505)
94,51.4164,178.994,1563194795.0,POINT (178.994 51.4164)
95,51.4732,179.9902,1563194805.0,POINT (179.9902 51.4732)
96,51.5229,-178.9615,1563194816.0,POINT (-178.9615 51.5229)
97,51.5608,-177.9611,1563194826.0,POINT (-177.9611 51.5608)
98,51.5895,-176.9593,1563194836.0,POINT (-176.9593 51.5895)
99,51.6088,-175.9562,1563194846.0,POINT (-175.9562 51.6088)
100,51.6191,-174.9021,1563194857.0,POINT (-174.9021 51.6191)
101,51.6194,-173.8981,1563194867.0,POINT (-173.8981 51.6194)
102,51.6104,-172.8943,1563194877.0,POINT (-172.8943 51.6104)
103,51.5921,-171.8911,1563194887.0,POINT (-171.8911 51.5921)
104,51.5629,-170.8388,1563194897.0,POINT (-170.8388 51.5629)
105,51.5256,-169.8382,1563194907.0,POINT (-169.8382 51.5256)
106,51.479,-168.8394,1563194917.0,POINT (-168.8394 51.479)
107,51.4203,-167.7933,1563194928.0,POINT (-167.7933 51.4203)
108,51.3549,-166.7997,1563194938.0,POINT (-166.7997 51.3549)
109,51.2804,-165.8091,1563194948.0,POINT (-165.8091 51.2804)
110,51.1969,-164.822,1563194958.0,POINT (-164.822 51.1969)
111,51.0995,-163.7899,1563194968.0,POINT (-163.7899 51.0995)
112,50.9976,-162.8116,1563194978.0,POINT (-162.8116 50.9976)
113,50.8868,-161.8378,1563194988.0,POINT (-161.8378 50.8868)
114,50.7672,-160.869,1563194998.0,POINT (-160.869 50.7672)
115,50.6323,-159.8575,1563195009.0,POINT (-159.8575 50.6323)
116,50.4951,-158.9,1563195019.0,POINT (-158.9 50.4951)
117,50.3492,-157.9484,1563195029.0,POINT (-157.9484 50.3492)
118,50.195,-157.0031,1563195039.0,POINT (-157.0031 50.195)
119,50.0241,-156.0175,1563195050.0,POINT (-156.0175 50.0241)
120,49.8529,-155.0859,1563195060.0,POINT (-155.0859 49.8529)
121,49.6737,-154.1612,1563195070.0,POINT (-154.1612 49.6737)
122,49.4864,-153.244,1563195080.0,POINT (-153.244 49.4864)
123,49.2813,-152.2887,1563195090.0,POINT (-152.2887 49.2813)
124,49.078,-151.3869,1563195100.0,POINT (-151.3869 49.078)
125,48.867,-150.4928,1563195110.0,POINT (-150.4928 48.867)
126,48.6486,-149.6068,1563195120.0,POINT (-149.6068 48.6486)
127,48.4112,-148.6853,1563195131.0,POINT (-148.6853 48.4112)
128,48.1777,-147.8162,1563195141.0,POINT (-147.8162 48.1777)
129,47.9371,-146.9554,1563195151.0,POINT (-146.9554 47.9371)
130,47.6894,-146.1028,1563195161.0,POINT (-146.1028 47.6894)
131,47.4219,-145.2171,1563195171.0,POINT (-145.2171 47.4219)
132,47.1602,-144.3824,1563195181.0,POINT (-144.3824 47.1602)
133,46.892,-143.5564,1563195191.0,POINT (-143.5564 46.892)
134,46.6172,-142.7392,1563195201.0,POINT (-142.7392 46.6172)
135,46.3218,-141.8905,1563195212.0,POINT (-141.8905 46.3218)
136,46.0341,-141.0913,1563195222.0,POINT (-141.0913 46.0341)
137,45.7403,-140.301,1563195232.0,POINT (-140.301 45.7403)
138,45.4253,-139.4805,1563195242.0,POINT (-139.4805 45.4253)
139,45.1193,-138.708,1563195253.0,POINT (-138.708 45.1193)
140,44.8076,-137.9444,1563195263.0,POINT (-137.9444 44.8076)
141,44.4902,-137.1894,1563195273.0,POINT (-137.1894 44.4902)
142,44.1511,-136.4061,1563195283.0,POINT (-136.4061 44.1511)
143,43.8227,-135.6691,1563195293.0,POINT (-135.6691 43.8227)
144,43.489,-134.9406,1563195303.0,POINT (-134.9406 43.489)
145,43.1332,-134.185,1563195314.0,POINT (-134.185 43.1332)
146,42.7891,-133.4739,1563195324.0,POINT (-133.4739 42.7891)
147,42.4402,-132.7713,1563195334.0,POINT (-132.7713 42.4402)
148,42.0865,-132.0769,1563195344.0,POINT (-132.0769 42.0865)
149,41.7101,-131.3567,1563195354.0,POINT (-131.3567 41.7101)
150,41.3469,-130.679,1563195364.0,POINT (-130.679 41.3469)
151,40.9793,-130.0095,1563195374.0,POINT (-130.0095 40.9793)
152,40.6074,-129.3478,1563195384.0,POINT (-129.3478 40.6074)
153,40.2123,-128.6615,1563195395.0,POINT (-128.6615 40.2123)
154,39.8127,-127.9838,1563195405.0,POINT (-127.9838 39.8127)
155,39.4087,-127.3145,1563195416.0,POINT (-127.3145 39.4087)
156,39.0199,-126.6847,1563195426.0,POINT (-126.6847 39.0199)
157,38.6273,-126.0622,1563195436.0,POINT (-126.0622 38.6273)
158,38.2309,-125.4471,1563195446.0,POINT (-125.4471 38.2309)
159,37.8109,-124.8089,1563195456.0,POINT (-124.8089 37.8109)
160,37.4072,-124.2084,1563195467.0,POINT (-124.2084 37.4072)
161,36.9998,-123.6143,1563195477.0,POINT (-123.6143 36.9998)
162,36.5894,-123.0275,1563195487.0,POINT (-123.0275 36.5894)
163,36.1549,-122.4186,1563195497.0,POINT (-122.4186 36.1549)
164,35.7378,-121.8454,1563195507.0,POINT (-121.8454 35.7378)
165,35.2965,-121.2504,1563195518.0,POINT (-121.2504 35.2965)
166,34.8731,-120.6902,1563195528.0,POINT (-120.6902 34.8731)
167,34.4468,-120.1362,1563195538.0,POINT (-120.1362 34.4468)
168,34.0176,-119.5883,1563195548.0,POINT (-119.5883 34.0176)
169,33.564,-119.0195,1563195558.0,POINT (-119.0195 33.564)
170,33.1292,-118.4837,1563195568.0,POINT (-118.4837 33.1292)
171,32.6918,-117.9536,1563195578.0,POINT (-117.9536 32.6918)
172,32.2518,-117.4292,1563195588.0,POINT (-117.4292 32.2518)
173,31.787,-116.8843,1563195599.0,POINT (-116.8843 31.787)
174,31.3419,-116.371,1563195609.0,POINT (-116.371 31.3419)
175,30.8945,-115.8629,1563195619.0,POINT (-115.8629 30.8945)
176,30.4447,-115.36,1563195629.0,POINT (-115.36 30.4447)
177,29.9701,-114.8373,1563195639.0,POINT (-114.8373 29.9701)
178,29.5158,-114.3445,1563195649.0,POINT (-114.3445 29.5158)
179,29.0594,-113.8566,1563195659.0,POINT (-113.8566 29.0594)
180,28.578,-113.3493,1563195670.0,POINT (-113.3493 28.578)
181,28.1173,-112.8708,1563195680.0,POINT (-112.8708 28.1173)
182,27.6548,-112.3967,1563195690.0,POINT (-112.3967 27.6548)
183,27.1904,-111.9271,1563195700.0,POINT (-111.9271 27.1904)
184,26.7008,-111.4386,1563195711.0,POINT (-111.4386 26.7008)
185,26.2327,-110.9777,1563195721.0,POINT (-110.9777 26.2327)
186,25.7629,-110.5207,1563195731.0,POINT (-110.5207 25.7629)
187,25.2913,-110.0677,1563195741.0,POINT (-110.0677 25.2913)
188,24.7945,-109.5963,1563195751.0,POINT (-109.5963 24.7945)
189,24.3196,-109.151,1563195761.0,POINT (-109.151 24.3196)
190,23.8433,-108.7095,1563195771.0,POINT (-108.7095 23.8433)
191,23.3653,-108.2715,1563195781.0,POINT (-108.2715 23.3653)
192,22.862,-107.8153,1563195792.0,POINT (-107.8153 22.862)
193,22.3812,-107.3843,1563195802.0,POINT (-107.3843 22.3812)
194,21.8989,-106.9565,1563195812.0,POINT (-106.9565 21.8989)
195,21.4154,-106.5319,1563195822.0,POINT (-106.5319 21.4154)
196,20.9064,-106.0894,1563195832.0,POINT (-106.0894 20.9064)
197,20.4203,-105.6712,1563195842.0,POINT (-105.6712 20.4203)
198,19.9331,-105.2558,1563195852.0,POINT (-105.2558 19.9331)
199,19.4447,-104.8432,1563195862.0,POINT (-104.8432 19.4447)
200,18.9307,-104.413,1563195873.0,POINT (-104.413 18.9307)
201,18.44,-104.006,1563195883.0,POINT (-104.006 18.44)
202,17.9483,-103.6015,1563195893.0,POINT (-103.6015 17.9483)
203,17.4556,-103.1996,1563195903.0,POINT (-103.1996 17.4556)
204,16.9372,-102.7801,1563195914.0,POINT (-102.7801 16.9372)
205,16.4425,-102.383,1563195924.0,POINT (-102.383 16.4425)
206,15.9469,-101.9881,1563195934.0,POINT (-101.9881 15.9469)
207,15.4257,-101.5758,1563195944.0,POINT (-101.5758 15.4257)
208,14.9284,-101.1853,1563195954.0,POINT (-101.1853 14.9284)
209,14.4302,-100.7968,1563195964.0,POINT (-100.7968 14.4302)
210,13.9314,-100.4102,1563195974.0,POINT (-100.4102 13.9314)
211,13.4068,-100.0063,1563195985.0,POINT (-100.0063 13.4068)
212,12.9064,-99.6234,1563195995.0,POINT (-99.6234 12.9064)
213,12.4053,-99.2423,1563196005.0,POINT (-99.2423 12.4053)
214,11.9037,-98.8629,1563196015.0,POINT (-98.8629 11.9037)
215,11.3763,-98.4661,1563196025.0,POINT (-98.4661 11.3763)
216,10.8735,-98.0898,1563196035.0,POINT (-98.0898 10.8735)
217,10.37,-97.7148,1563196045.0,POINT (-97.7148 10.37)
218,9.866,-97.3412,1563196055.0,POINT (-97.3412 9.866)
219,9.3363,-96.9503,1563196066.0,POINT (-96.9503 9.3363)
220,8.8314,-96.5793,1563196076.0,POINT (-96.5793 8.8314)
221,8.326,-96.2094,1563196086.0,POINT (-96.2094 8.326000000000001)
222,7.8202,-95.8406,1563196096.0,POINT (-95.84059999999999 7.8202)
223,7.2887,-95.4544,1563196107.0,POINT (-95.45440000000001 7.2887)
224,6.7821,-95.0876,1563196117.0,POINT (-95.08759999999999 6.7821)
225,6.2245,-94.6851,1563196128.0,POINT (-94.68510000000001 6.2245)
226,5.7173,-94.3201,1563196138.0,POINT (-94.3201 5.7173)
227,5.1844,-93.9375,1563196148.0,POINT (-93.9375 5.1844)
228,4.6766,-93.5738,1563196158.0,POINT (-93.57380000000001 4.6766)
229,4.1686,-93.2108,1563196168.0,POINT (-93.21080000000001 4.1686)
230,3.6604,-92.8483,1563196178.0,POINT (-92.84829999999999 3.6604)
231,3.1266,-92.4681,1563196189.0,POINT (-92.46810000000001 3.1266)
232,2.6181,-92.1065,1563196199.0,POINT (-92.1065 2.6181)
233,2.1095,-91.7452,1563196209.0,POINT (-91.7452 2.1095)
234,1.6009,-91.3843,1563196219.0,POINT (-91.3843 1.6009)
235,1.0667,-91.0055,1563196229.0,POINT (-91.0055 1.0667)
236,0.558,-90.6449,1563196239.0,POINT (-90.64490000000001 0.5580000000000001)
237,0.0491,-90.2844,1563196249.0,POINT (-90.28440000000001 0.0491)
238,-0.4596,-89.9238,1563196259.0,POINT (-89.9238 -0.4596)
239,-0.9939,-89.5452,1563196270.0,POINT (-89.54519999999999 -0.9939)
240,-1.5025,-89.1845,1563196280.0,POINT (-89.1845 -1.5025)
241,-2.0111,-88.8237,1563196290.0,POINT (-88.8237 -2.0111)
242,-2.5196,-88.4626,1563196300.0,POINT (-88.46259999999999 -2.5196)
243,-3.0533,-88.0831,1563196311.0,POINT (-88.0831 -3.0533)
244,-3.5615,-87.7213,1563196321.0,POINT (-87.7213 -3.5615)
245,-4.0695,-87.3591,1563196331.0,POINT (-87.3591 -4.0695)
246,-4.5772,-86.9964,1563196341.0,POINT (-86.99639999999999 -4.5772)
247,-5.1101,-86.615,1563196351.0,POINT (-86.61499999999999 -5.1101)
248,-5.6173,-86.251,1563196361.0,POINT (-86.251 -5.6173)
249,-6.1242,-85.8864,1563196371.0,POINT (-85.88639999999999 -6.1242)
250,-6.6562,-85.5027,1563196382.0,POINT (-85.5027 -6.6562)
251,-7.1624,-85.1364,1563196392.0,POINT (-85.13639999999999 -7.1624)
252,-7.6683,-84.7692,1563196402.0,POINT (-84.7692 -7.6683)
253,-8.1991,-84.3826,1563196412.0,POINT (-84.3826 -8.1991)
254,-8.7041,-84.0134,1563196422.0,POINT (-84.0134 -8.7041)
255,-9.2339,-83.6245,1563196433.0,POINT (-83.6245 -9.2339)
256,-9.7379,-83.253,1563196443.0,POINT (-83.253 -9.7379)
257,-10.2415,-82.8802,1563196453.0,POINT (-82.8802 -10.2415)
258,-10.7444,-82.5061,1563196463.0,POINT (-82.5061 -10.7444)
259,-11.2719,-82.1118,1563196473.0,POINT (-82.1118 -11.2719)
260,-11.7738,-81.7348,1563196483.0,POINT (-81.73480000000001 -11.7738)
261,-12.2999,-81.3374,1563196494.0,POINT (-81.3374 -12.2999)
262,-12.8004,-80.9572,1563196504.0,POINT (-80.9572 -12.8004)
263,-13.3252,-80.5562,1563196515.0,POINT (-80.5562 -13.3252)
264,-13.8242,-80.1725,1563196525.0,POINT (-80.1725 -13.8242)
265,-14.3224,-79.787,1563196535.0,POINT (-79.78700000000001 -14.3224)
266,-14.8448,-79.3802,1563196545.0,POINT (-79.3802 -14.8448)
267,-15.3414,-78.9908,1563196555.0,POINT (-78.99079999999999 -15.3414)
268,-15.8371,-78.5993,1563196565.0,POINT (-78.5993 -15.8371)
269,-16.332,-78.2057,1563196575.0,POINT (-78.20569999999999 -16.332)
270,-16.8507,-77.79,1563196586.0,POINT (-77.79000000000001 -16.8507)
271,-17.3437,-77.3918,1563196596.0,POINT (-77.3918 -17.3437)
272,-17.8357,-76.9912,1563196606.0,POINT (-76.99120000000001 -17.8357)
273,-18.3511,-76.568,1563196616.0,POINT (-76.568 -18.3511)
274,-18.841,-76.1624,1563196626.0,POINT (-76.16240000000001 -18.841)
275,-19.3298,-75.7541,1563196636.0,POINT (-75.75409999999999 -19.3298)
276,-19.8174,-75.3432,1563196646.0,POINT (-75.3432 -19.8174)
277,-20.3281,-74.9088,1563196657.0,POINT (-74.9088 -20.3281)
278,-20.8133,-74.492,1563196667.0,POINT (-74.492 -20.8133)
279,-21.2973,-74.0724,1563196677.0,POINT (-74.0724 -21.2973)
280,-21.8041,-73.6285,1563196687.0,POINT (-73.6285 -21.8041)
281,-22.2853,-73.2025,1563196697.0,POINT (-73.2025 -22.2853)
282,-22.7653,-72.7733,1563196707.0,POINT (-72.77330000000001 -22.7653)
283,-23.2676,-72.3191,1563196718.0,POINT (-72.31910000000001 -23.2676)
284,-23.7446,-71.8831,1563196728.0,POINT (-71.8831 -23.7446)
285,-24.22,-71.4435,1563196738.0,POINT (-71.4435 -24.22)
286,-24.6939,-71.0004,1563196748.0,POINT (-71.0004 -24.6939)
287,-25.1898,-70.5312,1563196759.0,POINT (-70.5312 -25.1898)
288,-25.6604,-70.0804,1563196769.0,POINT (-70.0804 -25.6604)
289,-26.1293,-69.6257,1563196779.0,POINT (-69.62569999999999 -26.1293)
290,-26.5965,-69.167,1563196789.0,POINT (-69.167 -26.5965)
291,-27.0851,-68.681,1563196799.0,POINT (-68.681 -27.0851)
292,-27.5486,-68.2139,1563196809.0,POINT (-68.2139 -27.5486)
293,-28.0102,-67.7425,1563196819.0,POINT (-67.74250000000001 -28.0102)
294,-28.4698,-67.2666,1563196829.0,POINT (-67.2666 -28.4698)
295,-28.9503,-66.7621,1563196840.0,POINT (-66.7621 -28.9503)
296,-29.4058,-66.277,1563196850.0,POINT (-66.277 -29.4058)
297,-29.8591,-65.7871,1563196860.0,POINT (-65.7871 -29.8591)
298,-30.3103,-65.2924,1563196870.0,POINT (-65.2924 -30.3103)
299,-30.7816,-64.7677,1563196880.0,POINT (-64.7677 -30.7816)
300,-31.2282,-64.2627,1563196890.0,POINT (-64.2627 -31.2282)
301,-31.6724,-63.7526,1563196900.0,POINT (-63.7526 -31.6724)
302,-32.1141,-63.2372,1563196910.0,POINT (-63.2372 -32.1141)
303,-32.5753,-62.6903,1563196921.0,POINT (-62.6903 -32.5753)
304,-33.0119,-62.1637,1563196931.0,POINT (-62.1637 -33.0119)
305,-33.4459,-61.6315,1563196941.0,POINT (-61.6315 -33.4459)
306,-33.8772,-61.0936,1563196951.0,POINT (-61.0936 -33.8772)
307,-34.327,-60.5225,1563196962.0,POINT (-60.5225 -34.327)
308,-34.7526,-59.9724,1563196972.0,POINT (-59.9724 -34.7526)
309,-35.1753,-59.4162,1563196982.0,POINT (-59.4162 -35.1753)
310,-35.5949,-58.8539,1563196992.0,POINT (-58.8539 -35.5949)
311,-36.0323,-58.2565,1563197002.0,POINT (-58.2565 -36.0323)
312,-36.4455,-57.681,1563197012.0,POINT (-57.681 -36.4455)
313,-36.8556,-57.0989,1563197022.0,POINT (-57.0989 -36.8556)
314,-37.2623,-56.5102,1563197032.0,POINT (-56.5102 -37.2623)
315,-37.6858,-55.8846,1563197043.0,POINT (-55.8846 -37.6858)
316,-38.0855,-55.2817,1563197053.0,POINT (-55.2817 -38.0855)
317,-38.4815,-54.6719,1563197063.0,POINT (-54.6719 -38.4815)
318,-38.8935,-54.0238,1563197073.0,POINT (-54.0238 -38.8935)
319,-39.282,-53.3992,1563197083.0,POINT (-53.3992 -39.282)
320,-39.6665,-52.7672,1563197093.0,POINT (-52.7672 -39.6665)
321,-40.0473,-52.1276,1563197103.0,POINT (-52.1276 -40.0473)
322,-40.4428,-51.4475,1563197114.0,POINT (-51.4475 -40.4428)
323,-40.815,-50.7923,1563197124.0,POINT (-50.7923 -40.815)
324,-41.183,-50.1292,1563197134.0,POINT (-50.1292 -41.183)
325,-41.5466,-49.4583,1563197144.0,POINT (-49.4583 -41.5466)
326,-41.9236,-48.7452,1563197155.0,POINT (-48.7452 -41.9236)
327,-42.2779,-48.0578,1563197165.0,POINT (-48.0578 -42.2779)
328,-42.6275,-47.3622,1563197175.0,POINT (-47.3622 -42.6275)
329,-42.9723,-46.6584,1563197185.0,POINT (-46.6584 -42.9723)
330,-43.3292,-45.9103,1563197195.0,POINT (-45.9103 -43.3292)
331,-43.6638,-45.1893,1563197205.0,POINT (-45.1893 -43.6638)
332,-43.9933,-44.4598,1563197215.0,POINT (-44.4598 -43.9933)
333,-44.3336,-43.6846,1563197226.0,POINT (-43.6846 -44.3336)
334,-44.6522,-42.9377,1563197236.0,POINT (-42.9377 -44.6522)
335,-44.9652,-42.182,1563197246.0,POINT (-42.182 -44.9652)
336,-45.2879,-41.3792,1563197256.0,POINT (-41.3792 -45.2879)
337,-45.5893,-40.6058,1563197266.0,POINT (-40.6058 -45.5893)
338,-45.8849,-39.8236,1563197276.0,POINT (-39.8236 -45.8849)
339,-46.1745,-39.0326,1563197286.0,POINT (-39.0326 -46.1745)
340,-46.4719,-38.1928,1563197297.0,POINT (-38.1928 -46.4719)
341,-46.7487,-37.3841,1563197307.0,POINT (-37.3841 -46.7487)
342,-47.0192,-36.5667,1563197317.0,POINT (-36.5667 -47.0192)
343,-47.2831,-35.7407,1563197327.0,POINT (-35.7407 -47.2831)
344,-47.5531,-34.8642,1563197338.0,POINT (-34.8642 -47.5531)
345,-47.8034,-34.0207,1563197348.0,POINT (-34.0207 -47.8034)
346,-48.0467,-33.1687,1563197358.0,POINT (-33.1687 -48.0467)
347,-48.283,-32.3084,1563197368.0,POINT (-32.3084 -48.283)
348,-48.5235,-31.396,1563197378.0,POINT (-31.396 -48.5235)
349,-48.7451,-30.519,1563197388.0,POINT (-30.519 -48.7451)
350,-48.9593,-29.634,1563197398.0,POINT (-29.634 -48.9593)
351,-49.166,-28.7409,1563197408.0,POINT (-28.7409 -49.166)
352,-49.3748,-27.7951,1563197419.0,POINT (-27.7951 -49.3748)
353,-49.5657,-26.8868,1563197429.0,POINT (-26.8868 -49.5657)
354,-49.7487,-25.9711,1563197439.0,POINT (-25.9711 -49.7487)
355,-49.9409,-24.9555,1563197450.0,POINT (-24.9555 -49.9409)
356,-50.1072,-24.0249,1563197460.0,POINT (-24.0249 -50.1072)
357,-50.2652,-23.088,1563197470.0,POINT (-23.088 -50.2652)
358,-50.4222,-22.0974,1563197480.0,POINT (-22.0974 -50.4222)
359,-50.5632,-21.1479,1563197490.0,POINT (-21.1479 -50.5632)
360,-50.6956,-20.1925,1563197500.0,POINT (-20.1925 -50.6956)
361,-50.8255,-19.1836,1563197511.0,POINT (-19.1836 -50.8255)
362,-50.9403,-18.2174,1563197521.0,POINT (-18.2174 -50.9403)
363,-51.0464,-17.2463,1563197531.0,POINT (-17.2463 -51.0464)
364,-51.1483,-16.2221,1563197542.0,POINT (-16.2221 -51.1483)
365,-51.2362,-15.2425,1563197552.0,POINT (-15.2425 -51.2362)
366,-51.3152,-14.2592,1563197562.0,POINT (-14.2592 -51.3152)
367,-51.3853,-13.2725,1563197572.0,POINT (-13.2725 -51.3853)
368,-51.4491,-12.2333,1563197582.0,POINT (-12.2333 -51.4491)
369,-51.5005,-11.2408,1563197592.0,POINT (-11.2408 -51.5005)
370,-51.5429,-10.2464,1563197602.0,POINT (-10.2464 -51.5429)
371,-51.5774,-9.2005,1563197613.0,POINT (-9.2005 -51.5774)
372,-51.601,-8.2031,1563197623.0,POINT (-8.203099999999999 -51.601)
373,-51.6153,-7.2048,1563197633.0,POINT (-7.2048 -51.6153)
374,-51.6204,-6.2059,1563197643.0,POINT (-6.2059 -51.6204)
375,-51.6159,-5.1572,1563197653.0,POINT (-5.1572 -51.6159)
376,-51.6021,-4.1589,1563197663.0,POINT (-4.1589 -51.6021)
377,-51.5792,-3.1615,1563197673.0,POINT (-3.1615 -51.5792)
378,-51.5471,-2.1653,1563197683.0,POINT (-2.1653 -51.5471)
379,-51.5035,-1.1211,1563197694.0,POINT (-1.1211 -51.5035)
380,-51.4526,-0.1289,1563197704.0,POINT (-0.1289 -51.4526)
381,-51.3927,0.8608,1563197714.0,POINT (0.8608 -51.3927)
382,-51.32,1.8969,1563197724.0,POINT (1.8969 -51.32)
383,-51.2416,2.8804,1563197734.0,POINT (2.8804 -51.2416)
384,-51.1542,3.8601,1563197744.0,POINT (3.8601 -51.1542)
385,-51.053,4.8843,1563197755.0,POINT (4.8843 -51.053)
386,-50.9475,5.8553,1563197765.0,POINT (5.8553 -50.9475)
387,-50.8333,6.8214,1563197775.0,POINT (6.8214 -50.8333)
388,-50.7041,7.8304,1563197786.0,POINT (7.8304 -50.7041)
389,-50.5722,8.7857,1563197796.0,POINT (8.7857 -50.5722)
390,-50.4319,9.7353,1563197806.0,POINT (9.735300000000001 -50.4319)
391,-50.2755,10.7258,1563197816.0,POINT (10.7258 -50.2755)
392,-50.1181,11.6627,1563197826.0,POINT (11.6627 -50.1181)
393,-49.9525,12.5931,1563197836.0,POINT (12.5931 -49.9525)
394,-49.77,13.5626,1563197847.0,POINT (13.5626 -49.77)
395,-49.588,14.4786,1563197857.0,POINT (14.4786 -49.588)
396,-49.3981,15.3873,1563197867.0,POINT (15.3873 -49.3981)
397,-49.2005,16.2886,1563197877.0,POINT (16.2886 -49.2005)
398,-48.9848,17.2267,1563197887.0,POINT (17.2267 -48.9848)
399,-48.7717,18.1121,1563197897.0,POINT (18.1121 -48.7717)
400,-48.5511,18.9896,1563197907.0,POINT (18.9896 -48.5511)
401,-48.3118,19.9022,1563197918.0,POINT (19.9022 -48.3118)
402,-48.0764,20.763,1563197928.0,POINT (20.763 -48.0764)
403,-47.8342,21.6153,1563197938.0,POINT (21.6153 -47.8342)
404,-47.585,22.4592,1563197948.0,POINT (22.4592 -47.585)
405,-47.3161,23.3361,1563197959.0,POINT (23.3361 -47.3161)
406,-47.0532,24.1625,1563197969.0,POINT (24.1625 -47.0532)
407,-46.7838,24.9802,1563197979.0,POINT (24.9802 -46.7838)
408,-46.508,25.7892,1563197989.0,POINT (25.7892 -46.508)
409,-46.2118,26.6293,1563197999.0,POINT (26.6293 -46.2118)
410,-45.9233,27.4206,1563198009.0,POINT (27.4206 -45.9233)
411,-45.6288,28.2031,1563198019.0,POINT (28.2031 -45.6288)
412,-45.3285,28.9769,1563198029.0,POINT (28.9769 -45.3285)
413,-45.0069,29.78,1563198040.0,POINT (29.78 -45.0069)
414,-44.6949,30.536,1563198050.0,POINT (30.536 -44.6949)
415,-44.3774,31.2835,1563198060.0,POINT (31.2835 -44.3774)
416,-44.0382,32.059,1563198070.0,POINT (32.059 -44.0382)
417,-43.7098,32.7888,1563198080.0,POINT (32.7888 -43.7098)
418,-43.3593,33.5462,1563198091.0,POINT (33.5462 -43.3593)
419,-43.0205,34.2587,1563198101.0,POINT (34.2587 -43.0205)
420,-42.6767,34.9629,1563198111.0,POINT (34.9629 -42.6767)
421,-42.3281,35.6589,1563198121.0,POINT (35.6589 -42.3281)
422,-41.9571,36.3808,1563198131.0,POINT (36.3808 -41.9571)
423,-41.599,37.06,1563198141.0,POINT (37.06 -41.599)
424,-41.2,37.798,1563198152.0,POINT (37.798 -41.2)
425,-40.8327,38.4606,1563198163.0,POINT (38.4606 -40.8327)
426,-40.4424,39.1478,1563198173.0,POINT (39.1478 -40.4424)
427,-40.0665,39.7944,1563198183.0,POINT (39.7944 -40.0665)
428,-39.6866,40.4334,1563198193.0,POINT (40.4334 -39.6866)
429,-39.3027,41.065,1563198203.0,POINT (41.065 -39.3027)
430,-38.8954,41.7202,1563198214.0,POINT (41.7202 -38.8954)
431,-38.5038,42.3367,1563198224.0,POINT (42.3367 -38.5038)
432,-38.0886,42.9763,1563198234.0,POINT (42.9763 -38.0886)
433,-37.6895,43.5783,1563198244.0,POINT (43.5783 -37.6895)
434,-37.287,44.1733,1563198254.0,POINT (44.1733 -37.287)
435,-36.8811,44.7615,1563198264.0,POINT (44.7615 -36.8811)
436,-36.4513,45.372,1563198275.0,POINT (45.372 -36.4513)
437,-36.0387,45.9466,1563198285.0,POINT (45.9466 -36.0387)
438,-35.623,46.5148,1563198295.0,POINT (46.5148 -35.623)
439,-35.1832,47.1045,1563198305.0,POINT (47.1045 -35.1832)
440,-34.7613,47.6599,1563198315.0,POINT (47.6599 -34.7613)
441,-34.3365,48.2091,1563198325.0,POINT (48.2091 -34.3365)
442,-33.8873,48.7795,1563198336.0,POINT (48.7795 -33.8873)
443,-33.4568,49.3166,1563198346.0,POINT (49.3166 -33.4568)
444,-33.0236,49.8479,1563198356.0,POINT (49.8479 -33.0236)
445,-32.5878,50.3737,1563198366.0,POINT (50.3737 -32.5878)
446,-32.1275,50.9198,1563198377.0,POINT (50.9198 -32.1275)
447,-31.6424,51.4856,1563198388.0,POINT (51.4856 -31.6424)
448,-31.1988,51.9944,1563198398.0,POINT (51.9944 -31.1988)
449,-30.7305,52.5231,1563198408.0,POINT (52.5231 -30.7305)
450,-30.2822,53.0215,1563198418.0,POINT (53.0215 -30.2822)
451,-29.8317,53.5149,1563198428.0,POINT (53.5149 -29.8317)
452,-29.379,54.0035,1563198438.0,POINT (54.0035 -29.379)
453,-28.9015,54.5115,1563198449.0,POINT (54.5115 -28.9015)
454,-28.4446,54.9907,1563198459.0,POINT (54.9907 -28.4446)
455,-27.9628,55.4888,1563198469.0,POINT (55.4888 -27.9628)
456,-27.5018,55.9588,1563198479.0,POINT (55.9588 -27.5018)
457,-27.0391,56.4246,1563198489.0,POINT (56.4246 -27.0391)
458,-26.5513,56.9091,1563198500.0,POINT (56.9091 -26.5513)
459,-26.0848,57.3664,1563198510.0,POINT (57.3664 -26.0848)
460,-25.6166,57.8198,1563198520.0,POINT (57.8198 -25.6166)
461,-25.1233,58.2916,1563198530.0,POINT (58.2916 -25.1233)
462,-24.6518,58.7371,1563198540.0,POINT (58.7371 -24.6518)
463,-24.1787,59.1789,1563198550.0,POINT (59.1789 -24.1787)
464,-23.6803,59.639,1563198561.0,POINT (59.639 -23.6803)
465,-23.2041,60.0736,1563198571.0,POINT (60.0736 -23.2041)
466,-22.7264,60.5049,1563198581.0,POINT (60.5049 -22.7264)
467,-22.2234,60.9542,1563198592.0,POINT (60.9542 -22.2234)
468,-21.743,61.3788,1563198602.0,POINT (61.3788 -21.743)
469,-21.2611,61.8003,1563198612.0,POINT (61.8003 -21.2611)
470,-20.7539,62.2396,1563198622.0,POINT (62.2396 -20.7539)
471,-20.2211,62.6964,1563198633.0,POINT (62.6964 -20.2211)
472,-19.7355,63.1086,1563198643.0,POINT (63.1086 -19.7355)
473,-19.2487,63.5181,1563198653.0,POINT (63.5181 -19.2487)
474,-18.7364,63.9452,1563198664.0,POINT (63.9452 -18.7364)
475,-18.2473,64.3494,1563198674.0,POINT (64.3494 -18.2473)
476,-17.7572,64.7511,1563198684.0,POINT (64.75109999999999 -17.7572)
477,-17.2415,65.1702,1563198694.0,POINT (65.17019999999999 -17.2415)
478,-16.7495,65.567,1563198704.0,POINT (65.56699999999999 -16.7495)
479,-16.2565,65.9615,1563198714.0,POINT (65.9615 -16.2565)
480,-15.7379,66.3733,1563198725.0,POINT (66.3733 -15.7379)
481,-15.2431,66.7634,1563198735.0,POINT (66.7634 -15.2431)
482,-14.7474,67.1515,1563198745.0,POINT (67.1515 -14.7474)
483,-14.226,67.5569,1563198755.0,POINT (67.5569 -14.226)
484,-13.7286,67.9412,1563198765.0,POINT (67.94119999999999 -13.7286)
485,-13.2306,68.3236,1563198775.0,POINT (68.3236 -13.2306)
486,-12.7069,68.7232,1563198786.0,POINT (68.72320000000001 -12.7069)
487,-12.2074,69.1022,1563198796.0,POINT (69.1022 -12.2074)
488,-11.6823,69.4983,1563198807.0,POINT (69.4983 -11.6823)
489,-11.1815,69.8741,1563198817.0,POINT (69.8741 -11.1815)
490,-10.6801,70.2485,1563198827.0,POINT (70.24850000000001 -10.6801)
491,-10.1531,70.6401,1563198837.0,POINT (70.6401 -10.1531)
492,-9.6507,71.0117,1563198847.0,POINT (71.0117 -9.650700000000001)
493,-9.1477,71.382,1563198857.0,POINT (71.38200000000001 -9.1477)
494,-8.6191,71.7697,1563198868.0,POINT (71.7697 -8.6191)
495,-8.1151,72.1378,1563198878.0,POINT (72.1378 -8.1151)
496,-7.6108,72.5049,1563198888.0,POINT (72.50490000000001 -7.6108)
497,-7.106,72.871,1563198898.0,POINT (72.871 -7.106)
498,-6.5755,73.2546,1563198908.0,POINT (73.2546 -6.5755)
499,-6.07,73.6189,1563198918.0,POINT (73.6189 -6.07)
500,-5.5642,73.9826,1563198928.0,POINT (73.98260000000001 -5.5642)
501,-5.0328,74.3637,1563198939.0,POINT (74.36369999999999 -5.0328)
502,-4.5264,74.726,1563198949.0,POINT (74.726 -4.5264)
503,-4.0198,75.0877,1563198959.0,POINT (75.0877 -4.0198)
504,-3.513,75.449,1563198969.0,POINT (75.449 -3.513)
505,-2.9806,75.8278,1563198979.0,POINT (75.8278 -2.9806)
506,-2.4734,76.1882,1563198990.0,POINT (76.18819999999999 -2.4734)
507,-1.9662,76.5483,1563199000.0,POINT (76.5483 -1.9662)
508,-1.4334,76.9262,1563199010.0,POINT (76.92619999999999 -1.4334)
509,-0.9005,77.3039,1563199021.0,POINT (77.3039 -0.9005)
510,-0.3929,77.6636,1563199031.0,POINT (77.6636 -0.3929)
511,0.1147,78.0232,1563199041.0,POINT (78.0232 0.1147)
512,0.6477,78.4008,1563199051.0,POINT (78.4008 0.6477000000000001)
513,1.1554,78.7605,1563199061.0,POINT (78.76049999999999 1.1554)
514,1.6883,79.1384,1563199072.0,POINT (79.1384 1.6883)
515,2.2212,79.5165,1563199082.0,POINT (79.51649999999999 2.2212)
516,2.7286,79.8768,1563199092.0,POINT (79.8768 2.7286)
517,3.2358,80.2376,1563199102.0,POINT (80.2376 3.2358)
518,3.7683,80.6168,1563199113.0,POINT (80.6168 3.7683)
519,4.2753,80.9785,1563199123.0,POINT (80.9785 4.2753)
520,4.7821,81.3408,1563199133.0,POINT (81.3408 4.7821)
521,5.314,81.7218,1563199143.0,POINT (81.7218 5.314)
522,5.8202,82.0853,1563199153.0,POINT (82.0853 5.8202)
523,6.3515,82.4678,1563199164.0,POINT (82.4678 6.3515)
524,6.8572,82.8329,1563199174.0,POINT (82.8329 6.8572)
525,7.3626,83.199,1563199184.0,POINT (83.199 7.3626)
526,7.8676,83.5659,1563199194.0,POINT (83.5659 7.8676)
527,8.3974,83.9523,1563199205.0,POINT (83.95229999999999 8.397399999999999)
528,8.9016,84.3214,1563199215.0,POINT (84.3214 8.9016)
529,9.4305,84.7102,1563199225.0,POINT (84.7102 9.4305)
530,9.9589,85.1003,1563199236.0,POINT (85.1003 9.9589)
531,10.4616,85.4732,1563199246.0,POINT (85.47320000000001 10.4616)
532,10.9638,85.8474,1563199256.0,POINT (85.84739999999999 10.9638)
533,11.4655,86.2231,1563199266.0,POINT (86.2231 11.4655)
534,11.9915,86.6191,1563199276.0,POINT (86.6191 11.9915)
535,12.4919,86.9979,1563199286.0,POINT (86.9979 12.4919)
536,12.9917,87.3784,1563199296.0,POINT (87.3784 12.9917)
537,13.5157,87.7797,1563199307.0,POINT (87.77970000000001 13.5157)
538,14.0141,88.1637,1563199317.0,POINT (88.16370000000001 14.0141)
539,14.5117,88.5496,1563199327.0,POINT (88.5496 14.5117)
540,15.0334,88.9569,1563199337.0,POINT (88.9569 15.0334)
541,15.5294,89.3469,1563199347.0,POINT (89.34690000000001 15.5294)
542,16.0246,89.739,1563199357.0,POINT (89.739 16.0246)
543,16.5436,90.153,1563199368.0,POINT (90.15300000000001 16.5436)
544,17.037,90.5496,1563199378.0,POINT (90.5496 17.037)
545,17.5294,90.9486,1563199388.0,POINT (90.9486 17.5294)
546,18.0455,91.37,1563199398.0,POINT (91.37 18.0455)
547,18.5359,91.774,1563199409.0,POINT (91.774 18.5359)
548,19.0252,92.1805,1563199419.0,POINT (92.18049999999999 19.0252)
549,19.5379,92.6103,1563199429.0,POINT (92.6103 19.5379)
550,20.025,93.0224,1563199439.0,POINT (93.0224 20.025)
551,20.511,93.4373,1563199449.0,POINT (93.43729999999999 20.511)
552,21.0201,93.8762,1563199460.0,POINT (93.8762 21.0201)
553,21.5519,94.3395,1563199471.0,POINT (94.3395 21.5519)
554,22.0339,94.7639,1563199481.0,POINT (94.76390000000001 22.0339)
555,22.5147,95.1916,1563199491.0,POINT (95.19159999999999 22.5147)
556,23.0181,95.6442,1563199501.0,POINT (95.6442 23.0181)
557,23.4961,96.0787,1563199511.0,POINT (96.0787 23.4961)
558,23.9726,96.5167,1563199521.0,POINT (96.5167 23.9726)
559,24.4476,96.9582,1563199531.0,POINT (96.95820000000001 24.4476)
560,24.9446,97.4257,1563199542.0,POINT (97.42570000000001 24.9446)
561,25.4164,97.8749,1563199552.0,POINT (97.8749 25.4164)
562,25.8866,98.328,1563199562.0,POINT (98.328 25.8866)
563,26.3785,98.8079,1563199572.0,POINT (98.8079 26.3785)
564,26.8452,99.2692,1563199582.0,POINT (99.2692 26.8452)
565,27.31,99.7347,1563199592.0,POINT (99.7347 27.31)
566,27.7731,100.2044,1563199602.0,POINT (100.2044 27.7731)
567,28.2572,100.7024,1563199613.0,POINT (100.7024 28.2572)
568,28.7163,101.1812,1563199623.0,POINT (101.1812 28.7163)
569,29.1734,101.6646,1563199633.0,POINT (101.6646 29.1734)
570,29.6511,102.1773,1563199644.0,POINT (102.1773 29.6511)
571,30.1039,102.6706,1563199654.0,POINT (102.6706 30.1039)
572,30.5546,103.1687,1563199664.0,POINT (103.1687 30.5546)
573,31.0253,103.6972,1563199674.0,POINT (103.6972 31.0253)
574,31.4713,104.2058,1563199684.0,POINT (104.2058 31.4713)
575,31.9149,104.7197,1563199694.0,POINT (104.7197 31.9149)
576,32.356,105.2389,1563199704.0,POINT (105.2389 32.356)
577,32.8165,105.7901,1563199715.0,POINT (105.7901 32.8165)
578,33.2524,106.3207,1563199725.0,POINT (106.3207 33.2524)
579,33.7073,106.8842,1563199735.0,POINT (106.8842 33.7073)
580,34.1378,107.4268,1563199745.0,POINT (107.4268 34.1378)
581,34.5655,107.9754,1563199755.0,POINT (107.9754 34.5655)
582,34.9903,108.5301,1563199765.0,POINT (108.5301 34.9903)
583,35.4331,109.1192,1563199776.0,POINT (109.1192 35.4331)
584,35.8518,109.6867,1563199786.0,POINT (109.6867 35.8518)
585,36.2673,110.2607,1563199796.0,POINT (110.2607 36.2673)
586,36.6798,110.8414,1563199806.0,POINT (110.8414 36.6798)
587,37.1092,111.4583,1563199816.0,POINT (111.4583 37.1092)
588,37.5148,112.0528,1563199826.0,POINT (112.0528 37.5148)
589,37.917,112.6543,1563199837.0,POINT (112.6543 37.917)
590,38.3156,113.2628,1563199847.0,POINT (113.2628 38.3156)
591,38.7302,113.9095,1563199857.0,POINT (113.9095 38.7302)
592,39.1213,114.5329,1563199867.0,POINT (114.5329 39.1213)
593,39.5086,115.1637,1563199877.0,POINT (115.1637 39.5086)
594,39.911,115.8341,1563199888.0,POINT (115.8341 39.911)
595,40.2901,116.4804,1563199898.0,POINT (116.4804 40.2901)
596,40.6652,117.1346,1563199908.0,POINT (117.1346 40.6652)
597,41.036,117.7966,1563199918.0,POINT (117.7966 41.036)
598,41.4206,118.5002,1563199928.0,POINT (118.5002 41.4206)
599,41.7824,119.1784,1563199938.0,POINT (119.1784 41.7824)
600,42.1396,119.8649,1563199948.0,POINT (119.8649 42.1396)
601,42.4922,120.5596,1563199958.0,POINT (120.5596 42.4922)
602,42.8573,121.298,1563199969.0,POINT (121.298 42.8573)
603,43.2,122.0098,1563199979.0,POINT (122.0098 43.2)
604,43.5376,122.7301,1563199989.0,POINT (122.7301 43.5376)
605,43.8867,123.4956,1563199999.0,POINT (123.4956 43.8867)
606,44.2137,124.2335,1563200009.0,POINT (124.2335 44.2137)
607,44.5354,124.9801,1563200019.0,POINT (124.9801 44.5354)
608,44.8516,125.7353,1563200029.0,POINT (125.7353 44.8516)
609,45.1776,126.5377,1563200040.0,POINT (126.5377 45.1776)
610,45.4822,127.311,1563200050.0,POINT (127.311 45.4822)
611,45.7957,128.1324,1563200061.0,POINT (128.1324 45.7957)
612,46.0881,128.9237,1563200071.0,POINT (128.9237 46.0881)
613,46.3886,129.764,1563200081.0,POINT (129.764 46.3886)
614,46.6683,130.5733,1563200091.0,POINT (130.5733 46.6683)
615,46.9552,131.4326,1563200102.0,POINT (131.4326 46.9552)
616,47.2217,132.2599,1563200112.0,POINT (132.2599 47.2217)
617,47.4944,133.138,1563200122.0,POINT (133.138 47.4944)
618,47.7472,133.983,1563200132.0,POINT (133.983 47.7472)
619,47.9931,134.8367,1563200142.0,POINT (134.8367 47.9931)
620,48.2319,135.6987,1563200152.0,POINT (135.6987 48.2319)
621,48.475,136.6129,1563200163.0,POINT (136.6129 48.475)
622,48.699,137.4921,1563200173.0,POINT (137.4921 48.699)
623,48.9157,138.3794,1563200183.0,POINT (138.3794 48.9157)
624,49.1248,139.2747,1563200193.0,POINT (139.2747 49.1248)
625,49.3361,140.2232,1563200203.0,POINT (140.2232 49.3361)
626,49.5294,141.1344,1563200213.0,POINT (141.1344 49.5294)
627,49.7148,142.053,1563200223.0,POINT (142.053 49.7148)
628,49.8922,142.9787,1563200233.0,POINT (142.9787 49.8922)
629,50.0697,143.9585,1563200244.0,POINT (143.9585 50.0697)
630,50.2303,144.8983,1563200254.0,POINT (144.8983 50.2303)
631,50.3826,145.8447,1563200264.0,POINT (145.8447 50.3826)
632,50.5335,146.845,1563200275.0,POINT (146.845 50.5335)
633,50.6684,147.8037,1563200285.0,POINT (147.8037 50.6684)
634,50.7946,148.768,1563200295.0,POINT (148.768 50.7946)
635,50.9122,149.7376,1563200305.0,POINT (149.7376 50.9122)
636,51.0262,150.7611,1563200315.0,POINT (150.7611 51.0262)
637,51.1256,151.7404,1563200325.0,POINT (151.7404 51.1256)
638,51.2161,152.7239,1563200335.0,POINT (152.7239 51.2161)
639,51.2977,153.7114,1563200345.0,POINT (153.7114 51.2977)
640,51.3735,154.752,1563200356.0,POINT (154.752 51.3735)
641,51.4364,155.7461,1563200366.0,POINT (155.7461 51.4364)
642,51.4901,156.7429,1563200376.0,POINT (156.7429 51.4901)
643,51.5366,157.792,1563200386.0,POINT (157.792 51.5366)
644,51.5714,158.7929,1563200396.0,POINT (158.7929 51.5714)
645,51.5969,159.7953,1563200406.0,POINT (159.7953 51.5969)
646,51.6132,160.7986,1563200416.0,POINT (160.7986 51.6132)
647,51.6203,161.8527,1563200427.0,POINT (161.8527 51.6203)
648,51.6175,162.8569,1563200437.0,POINT (162.8569 51.6175)
649,51.6045,163.9107,1563200447.0,POINT (163.9107 51.6045)
650,51.5826,164.9135,1563200458.0,POINT (164.9135 51.5826)
651,51.5515,165.9151,1563200468.0,POINT (165.9151 51.5515)
652,51.5089,166.9651,1563200478.0,POINT (166.9651 51.5089)
653,51.456,168.0127,1563200489.0,POINT (168.0127 51.456)
654,51.3963,169.008,1563200499.0,POINT (169.008 51.3963)
655,51.3201,170.0995,1563200510.0,POINT (170.0995 51.3201)
656,51.2412,171.0883,1563200520.0,POINT (171.0883 51.2412)
657,51.1487,172.1224,1563200530.0,POINT (172.1224 51.1487)
658,51.0514,173.1032,1563200540.0,POINT (173.1032 51.0514)
659,50.9452,174.0797,1563200550.0,POINT (174.0797 50.9452)
660,50.8302,175.0511,1563200560.0,POINT (175.0511 50.8302)
661,50.7,176.0655,1563200571.0,POINT (176.0655 50.7)
662,50.5672,177.0259,1563200581.0,POINT (177.0259 50.5672)
663,50.4258,177.9805,1563200591.0,POINT (177.9805 50.4258)
664,50.2759,178.9291,1563200601.0,POINT (178.9291 50.2759)
665,50.1095,179.9182,1563200611.0,POINT (179.9182 50.1095)
666,49.9425,-179.1466,1563200621.0,POINT (-179.1466 49.9425)
667,49.7675,-178.2184,1563200631.0,POINT (-178.2184 49.7675)
668,49.5749,-177.2513,1563200642.0,POINT (-177.2513 49.5749)
669,49.3834,-176.3379,1563200652.0,POINT (-176.3379 49.3834)
670,49.1841,-175.4319,1563200662.0,POINT (-175.4319 49.1841)
671,48.9771,-174.5337,1563200672.0,POINT (-174.5337 48.9771)
672,48.7516,-173.5992,1563200683.0,POINT (-173.5992 48.7516)
673,48.5291,-172.7175,1563200693.0,POINT (-172.7175 48.5291)
674,48.2993,-171.8438,1563200703.0,POINT (-171.8438 48.2993)
675,48.0504,-170.9357,1563200713.0,POINT (-170.9357 48.0504)
676,47.8059,-170.0794,1563200723.0,POINT (-170.0794 47.8059)
677,47.5546,-169.2316,1563200733.0,POINT (-169.2316 47.5546)
678,47.2964,-168.3924,1563200743.0,POINT (-168.3924 47.2964)
679,47.0181,-167.5205,1563200754.0,POINT (-167.5205 47.0181)
680,46.7463,-166.6992,1563200764.0,POINT (-166.6992 46.7463)
681,46.454,-165.8462,1563200774.0,POINT (-165.8462 46.454)
682,46.1692,-165.0429,1563200784.0,POINT (-165.0429 46.1692)
683,45.8636,-164.2089,1563200795.0,POINT (-164.2089 45.8636)
684,45.5663,-163.4237,1563200805.0,POINT (-163.4237 45.5663)
685,45.2629,-162.6471,1563200815.0,POINT (-162.6471 45.2629)
686,44.9383,-161.8412,1563200825.0,POINT (-161.8412 44.9383)
687,44.6233,-161.0828,1563200835.0,POINT (-161.0828 44.6233)
688,44.3028,-160.333,1563200845.0,POINT (-160.333 44.3028)
689,43.9604,-159.555,1563200856.0,POINT (-159.555 43.9604)
690,43.6288,-158.8228,1563200866.0,POINT (-158.8228 43.6288)
691,43.2752,-158.0633,1563200877.0,POINT (-158.0633 43.2752)
692,42.9331,-157.3487,1563200887.0,POINT (-157.3487 42.9331)
693,42.5687,-156.6074,1563200897.0,POINT (-156.6074 42.5687)
694,42.2168,-155.91,1563200907.0,POINT (-155.91 42.2168)
695,41.8601,-155.2209,1563200917.0,POINT (-155.2209 41.8601)
696,41.4807,-154.5061,1563200928.0,POINT (-154.5061 41.4807)
697,41.1147,-153.8335,1563200938.0,POINT (-153.8335 41.1147)
698,40.7443,-153.1689,1563200948.0,POINT (-153.1689 40.7443)
699,40.3508,-152.4796,1563200958.0,POINT (-152.4796 40.3508)
700,39.9718,-151.831,1563200968.0,POINT (-151.831 39.9718)
701,39.5888,-151.1902,1563200978.0,POINT (-151.1902 39.5888)
702,39.2018,-150.5569,1563200988.0,POINT (-150.5569 39.2018)
703,38.7913,-149.9001,1563200999.0,POINT (-149.9001 38.7913)
704,38.3767,-149.2512,1563201009.0,POINT (-149.2512 38.3767)
705,37.9781,-148.6407,1563201019.0,POINT (-148.6407 37.9781)
706,37.5557,-148.0072,1563201030.0,POINT (-148.0072 37.5557)
707,37.1498,-147.411,1563201040.0,POINT (-147.411 37.1498)
708,36.72,-146.7924,1563201050.0,POINT (-146.7924 36.72)
709,36.3072,-146.2101,1563201060.0,POINT (-146.2101 36.3072)
710,35.8913,-145.6345,1563201070.0,POINT (-145.6345 35.8913)
711,35.4723,-145.0654,1563201081.0,POINT (-145.0654 35.4723)
712,35.0289,-144.4746,1563201091.0,POINT (-144.4746 35.0289)
713,34.6037,-143.9183,1563201101.0,POINT (-143.9183 34.6037)
714,34.1756,-143.3682,1563201111.0,POINT (-143.3682 34.1756)
715,33.7447,-142.8242,1563201121.0,POINT (-142.8242 33.7447)
716,33.2892,-142.2592,1563201132.0,POINT (-142.2592 33.2892)
717,32.8527,-141.7271,1563201142.0,POINT (-141.7271 32.8527)
718,32.3916,-141.1744,1563201152.0,POINT (-141.1744 32.3916)
719,31.9499,-140.6537,1563201162.0,POINT (-140.6537 31.9499)
720,31.5057,-140.1384,1563201172.0,POINT (-140.1384 31.5057)
721,31.0591,-139.6284,1563201182.0,POINT (-139.6284 31.0591)
722,30.5877,-139.0984,1563201193.0,POINT (-139.0984 30.5877)
723,30.1364,-138.599,1563201203.0,POINT (-138.599 30.1364)
724,29.6829,-138.1044,1563201213.0,POINT (-138.1044 29.6829)
725,29.2045,-137.5903,1563201223.0,POINT (-137.5903 29.2045)
726,28.7467,-137.1056,1563201233.0,POINT (-137.1056 28.7467)
727,28.2868,-136.6255,1563201243.0,POINT (-136.6255 28.2868)
728,27.8019,-136.1262,1563201254.0,POINT (-136.1262 27.8019)
729,27.3381,-135.6552,1563201264.0,POINT (-135.6552 27.3381)
730,26.8724,-135.1885,1563201274.0,POINT (-135.1885 26.8724)
731,26.405,-134.7261,1563201284.0,POINT (-134.7261 26.405)
732,25.9123,-134.2448,1563201295.0,POINT (-134.2448 25.9123)
733,25.4411,-133.7904,1563201305.0,POINT (-133.7904 25.4411)
734,24.9448,-133.3177,1563201315.0,POINT (-133.3177 24.9448)
735,24.4704,-132.8713,1563201325.0,POINT (-132.8713 24.4704)
736,23.9707,-132.4066,1563201336.0,POINT (-132.4066 23.9707)
737,23.4931,-131.9675,1563201346.0,POINT (-131.9675 23.4931)
738,22.9901,-131.5103,1563201356.0,POINT (-131.5103 22.9901)
739,22.5097,-131.0784,1563201366.0,POINT (-131.0784 22.5097)
740,22.0279,-130.6499,1563201376.0,POINT (-130.6499 22.0279)
741,21.5205,-130.2033,1563201387.0,POINT (-130.2033 21.5205)
742,21.0361,-129.7812,1563201397.0,POINT (-129.7812 21.0361)
743,20.5503,-129.3621,1563201407.0,POINT (-129.3621 20.5503)
744,20.0146,-128.9045,1563201418.0,POINT (-128.9045 20.0146)
745,19.5264,-128.4914,1563201428.0,POINT (-128.4914 19.5264)
746,18.9881,-128.0403,1563201439.0,POINT (-128.0403 18.9881)
747,18.4976,-127.633,1563201449.0,POINT (-127.633 18.4976)
748,17.9814,-127.2081,1563201459.0,POINT (-127.2081 17.9814)
749,17.4888,-126.8059,1563201469.0,POINT (-126.8059 17.4888)
750,16.9951,-126.4062,1563201479.0,POINT (-126.4062 16.9951)
751,16.5006,-126.0088,1563201490.0,POINT (-126.0088 16.5006)
752,15.9803,-125.594,1563201500.0,POINT (-125.594 15.9803)
753,15.4839,-125.2011,1563201510.0,POINT (-125.2011 15.4839)
754,14.9868,-124.8104,1563201520.0,POINT (-124.8104 14.9868)
755,14.4637,-124.4022,1563201531.0,POINT (-124.4022 14.4637)
756,13.9649,-124.0155,1563201541.0,POINT (-124.0155 13.9649)
757,13.4654,-123.6307,1563201551.0,POINT (-123.6307 13.4654)
758,12.9651,-123.2477,1563201561.0,POINT (-123.2477 12.9651)
759,12.4391,-122.8473,1563201571.0,POINT (-122.8473 12.4391)
760,11.9374,-122.4677,1563201581.0,POINT (-122.4677 11.9374)
761,11.4101,-122.0708,1563201592.0,POINT (-122.0708 11.4101)
762,10.9072,-121.6943,1563201602.0,POINT (-121.6943 10.9072)
763,10.4038,-121.3193,1563201612.0,POINT (-121.3193 10.4038)
764,9.8746,-120.927,1563201622.0,POINT (-120.927 9.874599999999999)
765,9.3701,-120.5546,1563201632.0,POINT (-120.5546 9.370100000000001)
766,8.8652,-120.1835,1563201642.0,POINT (-120.1835 8.8652)
767,8.3598,-119.8135,1563201652.0,POINT (-119.8135 8.3598)
768,7.8287,-119.4262,1563201663.0,POINT (-119.4262 7.8287)
769,7.3226,-119.0584,1563201673.0,POINT (-119.0584 7.3226)
770,6.8159,-118.6915,1563201683.0,POINT (-118.6915 6.8159)
771,6.2836,-118.3071,1563201694.0,POINT (-118.3071 6.2836)
772,5.7764,-117.9419,1563201704.0,POINT (-117.9419 5.7764)
773,5.2689,-117.5775,1563201714.0,POINT (-117.5775 5.2689)
774,4.7357,-117.1956,1563201724.0,POINT (-117.1956 4.7357)
775,4.2278,-116.8324,1563201734.0,POINT (-116.8324 4.2278)
776,3.7196,-116.4699,1563201744.0,POINT (-116.4699 3.7196)
777,3.1858,-116.0897,1563201755.0,POINT (-116.0897 3.1858)
778,2.6773,-115.728,1563201765.0,POINT (-115.728 2.6773)
779,2.1688,-115.3667,1563201775.0,POINT (-115.3667 2.1688)
780,1.6346,-114.9876,1563201785.0,POINT (-114.9876 1.6346)
781,1.1259,-114.6268,1563201795.0,POINT (-114.6268 1.1259)
782,0.6171,-114.2662,1563201805.0,POINT (-114.2662 0.6171)
783,0.0828,-113.8876,1563201816.0,POINT (-113.8876 0.0828)
784,-0.426,-113.5271,1563201826.0,POINT (-113.5271 -0.426)
785,-0.9348,-113.1665,1563201836.0,POINT (-113.1665 -0.9348)
786,-1.4689,-112.7878,1563201846.0,POINT (-112.7878 -1.4689)
787,-1.9775,-112.427,1563201856.0,POINT (-112.427 -1.9775)
788,-2.5115,-112.0478,1563201867.0,POINT (-112.0478 -2.5115)
789,-3.0199,-111.6863,1563201877.0,POINT (-111.6863 -3.0199)
790,-3.5281,-111.3245,1563201887.0,POINT (-111.3245 -3.5281)
791,-4.0615,-110.9442,1563201897.0,POINT (-110.9442 -4.0615)
792,-4.5947,-110.5633,1563201908.0,POINT (-110.5633 -4.5947)
793,-5.1022,-110.2,1563201918.0,POINT (-110.2 -5.1022)
794,-5.6095,-109.836,1563201928.0,POINT (-109.836 -5.6095)
795,-6.1418,-109.4532,1563201939.0,POINT (-109.4532 -6.1418)
796,-6.6484,-109.0877,1563201949.0,POINT (-109.0877 -6.6484)
797,-7.1799,-108.7031,1563201959.0,POINT (-108.7031 -7.1799)
798,-7.6858,-108.3359,1563201969.0,POINT (-108.3359 -7.6858)
799,-8.1913,-107.9677,1563201979.0,POINT (-107.9677 -8.1913)
800,-8.6963,-107.5985,1563201989.0,POINT (-107.5985 -8.696300000000001)
801,-9.2261,-107.2096,1563202000.0,POINT (-107.2096 -9.226100000000001)
802,-9.7302,-106.8381,1563202010.0,POINT (-106.8381 -9.7302)
803,-10.259,-106.4466,1563202020.0,POINT (-106.4466 -10.259)
804,-10.7619,-106.0725,1563202030.0,POINT (-106.0725 -10.7619)
805,-11.2643,-105.697,1563202040.0,POINT (-105.697 -11.2643)
806,-11.7912,-105.3011,1563202051.0,POINT (-105.3011 -11.7912)
807,-12.2923,-104.9226,1563202061.0,POINT (-104.9226 -12.2923)
808,-12.7928,-104.5423,1563202071.0,POINT (-104.5423 -12.7928)
809,-13.3176,-104.1414,1563202081.0,POINT (-104.1414 -13.3176)
810,-13.8166,-103.7578,1563202091.0,POINT (-103.7578 -13.8166)
811,-14.3149,-103.3723,1563202101.0,POINT (-103.3723 -14.3149)
812,-14.8372,-102.9655,1563202112.0,POINT (-102.9655 -14.8372)
813,-15.3339,-102.5761,1563202122.0,POINT (-102.5761 -15.3339)
814,-15.8297,-102.1846,1563202132.0,POINT (-102.1846 -15.8297)
815,-16.3493,-101.7713,1563202143.0,POINT (-101.7713 -16.3493)
816,-16.8432,-101.3754,1563202153.0,POINT (-101.3754 -16.8432)
817,-17.3608,-100.9573,1563202163.0,POINT (-100.9573 -17.3608)
818,-17.8529,-100.5565,1563202173.0,POINT (-100.5565 -17.8529)
819,-18.3438,-100.1535,1563202183.0,POINT (-100.1535 -18.3438)
820,-18.8337,-99.7479,1563202193.0,POINT (-99.7479 -18.8337)
821,-19.3468,-99.3192,1563202204.0,POINT (-99.3192 -19.3468)
822,-19.8587,-98.8876,1563202214.0,POINT (-98.88760000000001 -19.8587)
823,-20.3694,-98.4529,1563202225.0,POINT (-98.4529 -20.3694)
824,-20.8544,-98.036,1563202235.0,POINT (-98.036 -20.8544)
825,-21.3382,-97.6161,1563202245.0,POINT (-97.6161 -21.3382)
826,-21.8208,-97.1931,1563202255.0,POINT (-97.1931 -21.8208)
827,-22.3261,-96.7456,1563202265.0,POINT (-96.7456 -22.3261)
828,-22.8058,-96.3162,1563202275.0,POINT (-96.31619999999999 -22.8058)
829,-23.308,-95.8618,1563202286.0,POINT (-95.8618 -23.308)
830,-23.8086,-95.4036,1563202296.0,POINT (-95.4036 -23.8086)
831,-24.2838,-94.9636,1563202306.0,POINT (-94.9636 -24.2838)
832,-24.7575,-94.52,1563202316.0,POINT (-94.52 -24.7575)
833,-25.2531,-94.0502,1563202327.0,POINT (-94.0502 -25.2531)
834,-25.7235,-93.5989,1563202337.0,POINT (-93.5989 -25.7235)
835,-26.1923,-93.1436,1563202347.0,POINT (-93.14360000000001 -26.1923)
836,-26.6825,-92.6614,1563202358.0,POINT (-92.6614 -26.6825)
837,-27.1475,-92.1979,1563202368.0,POINT (-92.1979 -27.1475)
838,-27.6107,-91.7302,1563202378.0,POINT (-91.7302 -27.6107)
839,-28.0951,-91.2344,1563202388.0,POINT (-91.23439999999999 -28.0951)
840,-28.5543,-90.7578,1563202398.0,POINT (-90.7578 -28.5543)
841,-29.0344,-90.2524,1563202409.0,POINT (-90.25239999999999 -29.0344)
842,-29.4895,-89.7664,1563202419.0,POINT (-89.7664 -29.4895)
843,-29.9425,-89.2756,1563202429.0,POINT (-89.2756 -29.9425)
844,-30.4157,-88.7551,1563202439.0,POINT (-88.7551 -30.4157)
845,-30.8641,-88.2543,1563202449.0,POINT (-88.2543 -30.8641)
846,-31.3103,-87.7484,1563202459.0,POINT (-87.7484 -31.3103)
847,-31.754,-87.2373,1563202469.0,POINT (-87.2373 -31.754)
848,-32.2174,-86.695,1563202480.0,POINT (-86.69499999999999 -32.2174)
849,-32.6561,-86.1729,1563202490.0,POINT (-86.1729 -32.6561)
850,-33.0922,-85.6453,1563202500.0,POINT (-85.64530000000001 -33.0922)
851,-33.5474,-85.0851,1563202510.0,POINT (-85.0851 -33.5474)
852,-33.978,-84.5458,1563202520.0,POINT (-84.5458 -33.978)
853,-34.4059,-84.0007,1563202531.0,POINT (-84.00069999999999 -34.4059)
854,-34.8521,-83.4217,1563202541.0,POINT (-83.4217 -34.8521)
855,-35.2741,-82.8641,1563202551.0,POINT (-82.86409999999999 -35.2741)
856,-35.6931,-82.3002,1563202561.0,POINT (-82.3002 -35.6931)
857,-36.1089,-81.73,1563202571.0,POINT (-81.73 -36.1089)
858,-36.5422,-81.1242,1563202582.0,POINT (-81.1242 -36.5422)
859,-36.9515,-80.5405,1563202592.0,POINT (-80.54049999999999 -36.9515)
860,-37.3575,-79.9501,1563202602.0,POINT (-79.95010000000001 -37.3575)
861,-37.7801,-79.3229,1563202612.0,POINT (-79.3229 -37.7801)
862,-38.1789,-78.7184,1563202622.0,POINT (-78.7184 -38.1789)
863,-38.5742,-78.1069,1563202632.0,POINT (-78.1069 -38.5742)
864,-38.9657,-77.4881,1563202642.0,POINT (-77.4881 -38.9657)
865,-39.3728,-76.8306,1563202653.0,POINT (-76.8306 -39.3728)
866,-39.7756,-76.1649,1563202663.0,POINT (-76.1649 -39.7756)
867,-40.1551,-75.5232,1563202673.0,POINT (-75.5232 -40.1551)
868,-40.5492,-74.8411,1563202684.0,POINT (-74.8411 -40.5492)
869,-40.9202,-74.1837,1563202694.0,POINT (-74.1837 -40.9202)
870,-41.3052,-73.4849,1563202704.0,POINT (-73.4849 -41.3052)
871,-41.6673,-72.8113,1563202714.0,POINT (-72.8113 -41.6673)
872,-42.0249,-72.1297,1563202724.0,POINT (-72.1297 -42.0249)
873,-42.3954,-71.4053,1563202735.0,POINT (-71.4053 -42.3954)
874,-42.7435,-70.7069,1563202745.0,POINT (-70.7069 -42.7435)
875,-43.1038,-69.9647,1563202756.0,POINT (-69.96469999999999 -43.1038)
876,-43.4418,-69.2492,1563202766.0,POINT (-69.2492 -43.4418)
877,-43.7913,-68.4889,1563202776.0,POINT (-68.4889 -43.7913)
878,-44.135,-67.7191,1563202787.0,POINT (-67.7191 -44.135)
879,-44.4569,-66.9774,1563202797.0,POINT (-66.9774 -44.4569)
880,-44.7891,-66.1892,1563202807.0,POINT (-66.1892 -44.7891)
881,-45.0998,-65.4297,1563202817.0,POINT (-65.4297 -45.0998)
882,-45.4048,-64.6616,1563202827.0,POINT (-64.66160000000001 -45.4048)
883,-45.7188,-63.8456,1563202838.0,POINT (-63.8456 -45.7188)
884,-46.0117,-63.0597,1563202848.0,POINT (-63.0597 -46.0117)
885,-46.3269,-62.1852,1563202859.0,POINT (-62.1852 -46.3269)
886,-46.607,-61.3809,1563202869.0,POINT (-61.3809 -46.607)
887,-46.8943,-60.527,1563202879.0,POINT (-60.527 -46.8943)
888,-47.1613,-59.705,1563202889.0,POINT (-59.705 -47.1613)
889,-47.4345,-58.8327,1563202900.0,POINT (-58.8327 -47.4345)
890,-47.6879,-57.9931,1563202910.0,POINT (-57.9931 -47.6879)
891,-47.9345,-57.145,1563202920.0,POINT (-57.145 -47.9345)
892,-48.1859,-56.2455,1563202930.0,POINT (-56.2455 -48.1859)
893,-48.418,-55.3805,1563202941.0,POINT (-55.3805 -48.418)
894,-48.643,-54.5072,1563202951.0,POINT (-54.5072 -48.643)
895,-48.8713,-53.5815,1563202961.0,POINT (-53.5815 -48.8713)
896,-49.0811,-52.6918,1563202971.0,POINT (-52.6918 -49.0811)
897,-49.2932,-51.7493,1563202982.0,POINT (-51.7493 -49.2932)
898,-49.4874,-50.844,1563202992.0,POINT (-50.844 -49.4874)
899,-49.6738,-49.9311,1563203002.0,POINT (-49.9311 -49.6738)
900,-49.8609,-48.965,1563203012.0,POINT (-48.965 -49.8609)
901,-50.0392,-47.9911,1563203023.0,POINT (-47.9911 -50.0392)
902,-50.2006,-47.057,1563203033.0,POINT (-47.057 -50.2006)
903,-50.3538,-46.1163,1563203043.0,POINT (-46.1163 -50.3538)
904,-50.5057,-45.122,1563203053.0,POINT (-45.122 -50.5057)
905,-50.6417,-44.1689,1563203063.0,POINT (-44.1689 -50.6417)
906,-50.7692,-43.2104,1563203073.0,POINT (-43.2104 -50.7692)
907,-50.8937,-42.1983,1563203084.0,POINT (-42.1983 -50.8937)
908,-51.0034,-41.2293,1563203094.0,POINT (-41.2293 -51.0034)
909,-51.1092,-40.2069,1563203104.0,POINT (-40.2069 -51.1092)
910,-51.2008,-39.2289,1563203114.0,POINT (-39.2289 -51.2008)
911,-51.2875,-38.1976,1563203125.0,POINT (-38.1976 -51.2875)
912,-51.3608,-37.2121,1563203135.0,POINT (-37.2121 -51.3608)
913,-51.4251,-36.2235,1563203145.0,POINT (-36.2235 -51.4251)
914,-51.4828,-35.1826,1563203156.0,POINT (-35.1826 -51.4828)
915,-51.5285,-34.1888,1563203166.0,POINT (-34.1888 -51.5285)
916,-51.565,-33.1933,1563203176.0,POINT (-33.1933 -51.565)
917,-51.5923,-32.1963,1563203186.0,POINT (-32.1963 -51.5923)
918,-51.6111,-31.1483,1563203196.0,POINT (-31.1483 -51.6111)
919,-51.6196,-30.1497,1563203206.0,POINT (-30.1497 -51.6196)
920,-51.6189,-29.151,1563203216.0,POINT (-29.151 -51.6189)
921,-51.609,-28.1524,1563203226.0,POINT (-28.1524 -51.609)
922,-51.5886,-27.1047,1563203237.0,POINT (-27.1047 -51.5886)
923,-51.5582,-26.0582,1563203247.0,POINT (-26.0582 -51.5582)
924,-51.5198,-25.0631,1563203257.0,POINT (-25.0631 -51.5198)
925,-51.4696,-24.0204,1563203268.0,POINT (-24.0204 -51.4696)
926,-51.4125,-23.0297,1563203278.0,POINT (-23.0297 -51.4125)
927,-51.3464,-22.0419,1563203288.0,POINT (-22.0419 -51.3464)
928,-51.2672,-21.0081,1563203298.0,POINT (-21.0081 -51.2672)
929,-51.1827,-20.0272,1563203308.0,POINT (-20.0272 -51.1827)
930,-51.0892,-19.0502,1563203318.0,POINT (-19.0502 -51.0892)
931,-50.987,-18.0776,1563203328.0,POINT (-18.0776 -50.987)
932,-50.8702,-17.0614,1563203339.0,POINT (-17.0614 -50.8702)
933,-50.75,-16.0987,1563203349.0,POINT (-16.0987 -50.75)
934,-50.6146,-15.0937,1563203360.0,POINT (-15.0937 -50.6146)
935,-50.477,-14.1422,1563203370.0,POINT (-14.1422 -50.477)
936,-50.3309,-13.1968,1563203380.0,POINT (-13.1968 -50.3309)
937,-50.1686,-12.2107,1563203390.0,POINT (-12.2107 -50.1686)
938,-49.9972,-11.2319,1563203401.0,POINT (-11.2319 -49.9972)
939,-49.8256,-10.3066,1563203411.0,POINT (-10.3066 -49.8256)
940,-49.6461,-9.3883,1563203421.0,POINT (-9.388299999999999 -49.6461)
941,-49.4587,-8.4773,1563203431.0,POINT (-8.4773 -49.4587)
942,-49.2535,-7.5286,1563203441.0,POINT (-7.5286 -49.2535)
943,-49.0503,-6.633,1563203451.0,POINT (-6.633 -49.0503)
944,-48.8395,-5.745,1563203461.0,POINT (-5.745 -48.8395)
945,-48.6212,-4.8646,1563203471.0,POINT (-4.8646 -48.6212)
946,-48.3843,-3.9494,1563203482.0,POINT (-3.9494 -48.3843)
947,-48.1512,-3.0862,1563203492.0,POINT (-3.0862 -48.1512)
948,-47.9112,-2.2314,1563203502.0,POINT (-2.2314 -47.9112)
949,-47.6641,-1.3848,1563203512.0,POINT (-1.3848 -47.6641)
950,-47.3975,-0.5051,1563203522.0,POINT (-0.5051 -47.3975)
951,-47.1367,0.3238,1563203532.0,POINT (0.3238 -47.1367)
952,-46.8693,1.1443,1563203542.0,POINT (1.1443 -46.8693)
953,-46.5956,1.956,1563203552.0,POINT (1.956 -46.5956)
954,-46.3014,2.7989,1563203563.0,POINT (2.7989 -46.3014)
955,-46.0148,3.5929,1563203573.0,POINT (3.5929 -46.0148)
956,-45.7222,4.3782,1563203583.0,POINT (4.3782 -45.7222)
957,-45.4086,5.1934,1563203594.0,POINT (5.1934 -45.4086)
958,-45.104,5.9608,1563203604.0,POINT (5.9608 -45.104)
959,-44.7937,6.7196,1563203614.0,POINT (6.7196 -44.7937)
960,-44.4779,7.4697,1563203624.0,POINT (7.4697 -44.4779)
961,-44.1405,8.248,1563203634.0,POINT (8.247999999999999 -44.1405)
962,-43.7973,9.0168,1563203645.0,POINT (9.0168 -43.7973)
963,-43.4651,9.7404,1563203655.0,POINT (9.740399999999999 -43.4651)
964,-43.1109,10.4911,1563203665.0,POINT (10.4911 -43.1109)
965,-42.7512,11.2325,1563203676.0,POINT (11.2325 -42.7512)
966,-42.4037,11.9301,1563203686.0,POINT (11.9301 -42.4037)
967,-42.0338,12.6538,1563203696.0,POINT (12.6538 -42.0338)
968,-41.6767,13.3347,1563203706.0,POINT (13.3347 -41.6767)
969,-41.297,14.0411,1563203717.0,POINT (14.0411 -41.297)
970,-40.9124,14.7387,1563203727.0,POINT (14.7387 -40.9124)
971,-40.5231,15.4277,1563203738.0,POINT (15.4277 -40.5231)
972,-40.1481,16.076,1563203748.0,POINT (16.076 -40.1481)
973,-39.7691,16.7166,1563203758.0,POINT (16.7166 -39.7691)
974,-39.3667,17.3812,1563203768.0,POINT (17.3812 -39.3667)
975,-38.9796,18.0066,1563203779.0,POINT (18.0066 -38.9796)
976,-38.5888,18.6247,1563203789.0,POINT (18.6247 -38.5888)
977,-38.1942,19.2356,1563203799.0,POINT (19.2356 -38.1942)
978,-37.7761,19.8694,1563203809.0,POINT (19.8694 -37.7761)
979,-37.3743,20.4659,1563203819.0,POINT (20.4659 -37.3743)
980,-36.9691,21.0556,1563203829.0,POINT (21.0556 -36.9691)
981,-36.54,21.6676,1563203840.0,POINT (21.6676 -36.54)
982,-36.1281,22.2437,1563203850.0,POINT (22.2437 -36.1281)
983,-35.713,22.8132,1563203860.0,POINT (22.8132 -35.713)
984,-35.2949,23.3764,1563203870.0,POINT (23.3764 -35.2949)
985,-34.8527,23.9611,1563203880.0,POINT (23.9611 -34.8527)
986,-34.4285,24.5116,1563203890.0,POINT (24.5116 -34.4285)
987,-34.0015,25.0562,1563203900.0,POINT (25.0562 -34.0015)
988,-33.5717,25.5948,1563203910.0,POINT (25.5948 -33.5717)
989,-33.1176,26.1541,1563203921.0,POINT (26.1541 -33.1176)
990,-32.6823,26.6811,1563203931.0,POINT (26.6811 -32.6823)
991,-32.2445,27.2025,1563203941.0,POINT (27.2025 -32.2445)
992,-31.782,27.7443,1563203951.0,POINT (27.7443 -31.782)
993,-31.3392,28.2547,1563203961.0,POINT (28.2547 -31.3392)
994,-30.8941,28.76,1563203971.0,POINT (28.76 -30.8941)
995,-30.4466,29.2602,1563203982.0,POINT (29.2602 -30.4466)
996,-29.9743,29.7801,1563203992.0,POINT (29.7801 -29.9743)
997,-29.5223,30.2702,1563204002.0,POINT (30.2702 -29.5223)
998,-29.0683,30.7556,1563204012.0,POINT (30.7556 -29.0683)
999,-28.6121,31.2364,1563204022.0,POINT (31.2364 -28.6121)
1000,-28.131,31.7363,1563204033.0,POINT (31.7363 -28.131)
1001,-27.6709,32.2079,1563204043.0,POINT (32.2079 -27.6709)
1002,-27.2088,32.6752,1563204053.0,POINT (32.6752 -27.2088)
1003,-26.7216,33.1613,1563204063.0,POINT (33.1613 -26.7216)
1004,-26.2558,33.6201,1563204073.0,POINT (33.6201 -26.2558)
1005,-25.7882,34.0749,1563204083.0,POINT (34.0749 -25.7882)
1006,-25.319,34.5258,1563204093.0,POINT (34.5258 -25.319)
1007,-24.8245,34.9951,1563204104.0,POINT (34.9951 -24.8245)
1008,-24.352,35.4383,1563204114.0,POINT (35.4383 -24.352)
1009,-23.8779,35.8778,1563204124.0,POINT (35.8778 -23.8779)
1010,-23.4023,36.3139,1563204134.0,POINT (36.3139 -23.4023)
1011,-22.9014,36.7681,1563204144.0,POINT (36.7681 -22.9014)
1012,-22.4229,37.1972,1563204154.0,POINT (37.1972 -22.4229)
1013,-21.943,37.6231,1563204164.0,POINT (37.6231 -21.943)
1014,-21.4377,38.0669,1563204175.0,POINT (38.0669 -21.4377)
1015,-20.9552,38.4865,1563204185.0,POINT (38.4865 -20.9552)
1016,-20.4714,38.903,1563204195.0,POINT (38.903 -20.4714)
1017,-19.9621,39.3374,1563204206.0,POINT (39.3374 -19.9621)
1018,-19.4759,39.7481,1563204216.0,POINT (39.7481 -19.4759)
1019,-18.9885,40.1562,1563204226.0,POINT (40.1562 -18.9885)
1020,-18.5,40.5616,1563204236.0,POINT (40.5616 -18.5)
1021,-17.986,40.9847,1563204246.0,POINT (40.9847 -17.986)
1022,-17.4954,41.385,1563204256.0,POINT (41.385 -17.4954)
1023,-17.0037,41.783,1563204266.0,POINT (41.783 -17.0037)
1024,-16.4866,42.1984,1563204277.0,POINT (42.1984 -16.4866)
1025,-15.9931,42.5917,1563204287.0,POINT (42.5917 -15.9931)
1026,-15.4987,42.9829,1563204297.0,POINT (42.9829 -15.4987)
1027,-15.0034,43.372,1563204307.0,POINT (43.372 -15.0034)
1028,-14.4825,43.7785,1563204317.0,POINT (43.7785 -14.4825)
1029,-13.9856,44.1636,1563204327.0,POINT (44.1636 -13.9856)
1030,-13.4879,44.5469,1563204337.0,POINT (44.5469 -13.4879)
1031,-12.9895,44.9285,1563204347.0,POINT (44.9285 -12.9895)
1032,-12.4655,45.3273,1563204358.0,POINT (45.3273 -12.4655)
1033,-11.9657,45.7055,1563204368.0,POINT (45.7055 -11.9657)
1034,-11.4653,46.0821,1563204378.0,POINT (46.0821 -11.4653)
1035,-10.9643,46.4572,1563204388.0,POINT (46.4572 -10.9643)
1036,-10.4376,46.8496,1563204399.0,POINT (46.8496 -10.4376)
1037,-9.9354,47.2219,1563204409.0,POINT (47.2219 -9.9354)
1038,-9.4075,47.6115,1563204419.0,POINT (47.6115 -9.407500000000001)
1039,-8.9043,47.9813,1563204429.0,POINT (47.9813 -8.904299999999999)
1040,-8.4007,48.35,1563204439.0,POINT (48.35 -8.400700000000001)
1041,-7.8965,48.7177,1563204449.0,POINT (48.7177 -7.8965)
1042,-7.3668,49.1026,1563204460.0,POINT (49.1026 -7.3668)
1043,-6.8618,49.4684,1563204470.0,POINT (49.4684 -6.8618)
1044,-6.3565,49.8332,1563204480.0,POINT (49.8332 -6.3565)
1045,-5.8256,50.2154,1563204490.0,POINT (50.2154 -5.8256)
1046,-5.3197,50.5787,1563204500.0,POINT (50.5787 -5.3197)
1047,-4.8134,50.9414,1563204510.0,POINT (50.9414 -4.8134)
1048,-4.2816,51.3215,1563204521.0,POINT (51.3215 -4.2816)
1049,-3.7749,51.6829,1563204531.0,POINT (51.6829 -3.7749)
1050,-3.268,52.044,1563204541.0,POINT (52.044 -3.268)
1051,-2.7609,52.4046,1563204551.0,POINT (52.4046 -2.7609)
1052,-2.2283,52.7829,1563204561.0,POINT (52.7829 -2.2283)
1053,-1.7209,53.143,1563204571.0,POINT (53.143 -1.7209)
1054,-1.2134,53.5028,1563204581.0,POINT (53.5028 -1.2134)
1055,-0.6805,53.8804,1563204592.0,POINT (53.8804 -0.6805)
1056,-0.1729,54.24,1563204602.0,POINT (54.24 -0.1729)
1057,0.3347,54.5996,1563204612.0,POINT (54.5996 0.3347)
1058,0.8423,54.9592,1563204622.0,POINT (54.9592 0.8423)
1059,1.3753,55.337,1563204633.0,POINT (55.337 1.3753)
1060,1.8828,55.6969,1563204643.0,POINT (55.6969 1.8828)
1061,2.4156,56.0751,1563204653.0,POINT (56.0751 2.4156)
1062,2.923,56.4357,1563204663.0,POINT (56.4357 2.923)
1063,3.4302,56.7966,1563204673.0,POINT (56.7966 3.4302)
1064,3.9627,57.176,1563204684.0,POINT (57.176 3.9627)
1065,4.4695,57.5379,1563204694.0,POINT (57.5379 4.4695)
1066,4.9762,57.9003,1563204704.0,POINT (57.9003 4.9762)
1067,5.5079,58.2816,1563204714.0,POINT (58.2816 5.5079)
1068,6.0141,58.6454,1563204724.0,POINT (58.6454 6.0141)
1069,6.5199,59.0099,1563204734.0,POINT (59.0099 6.5199)
1070,7.0507,59.3936,1563204745.0,POINT (59.3936 7.0507)
1071,7.556,59.76,1563204755.0,POINT (59.76 7.556)
1072,8.0608,60.1273,1563204765.0,POINT (60.1273 8.0608)
1073,8.5906,60.5142,1563204775.0,POINT (60.5142 8.5906)
1074,9.0946,60.8838,1563204785.0,POINT (60.8838 9.0946)
1075,9.5982,61.2545,1563204795.0,POINT (61.2545 9.5982)
1076,10.1264,61.645,1563204806.0,POINT (61.645 10.1264)
1077,10.6289,62.0183,1563204816.0,POINT (62.0183 10.6289)
1078,11.1309,62.393,1563204826.0,POINT (62.393 11.1309)
1079,11.6574,62.788,1563204837.0,POINT (62.788 11.6574)
1080,12.1582,63.1657,1563204847.0,POINT (63.1657 12.1582)
1081,12.6834,63.564,1563204857.0,POINT (63.564 12.6834)
1082,13.1829,63.9452,1563204867.0,POINT (63.9452 13.1829)
1083,13.6818,64.328,1563204877.0,POINT (64.328 13.6818)
1084,14.1799,64.7127,1563204887.0,POINT (64.7127 14.1799)
1085,14.7022,65.1186,1563204898.0,POINT (65.1186 14.7022)
1086,15.1988,65.5073,1563204908.0,POINT (65.5073 15.1988)
1087,15.6946,65.898,1563204918.0,POINT (65.898 15.6946)
1088,16.2142,66.3105,1563204928.0,POINT (66.3105 16.2142)
1089,16.7082,66.7056,1563204938.0,POINT (66.7056 16.7082)
1090,17.2013,67.103,1563204948.0,POINT (67.10299999999999 17.2013)
1091,17.6933,67.5027,1563204958.0,POINT (67.5027 17.6933)
1092,18.209,67.925,1563204969.0,POINT (67.925 18.209)
1093,18.6991,68.3298,1563204979.0,POINT (68.32980000000001 18.6991)
1094,19.1882,68.7373,1563204989.0,POINT (68.7373 19.1882)
1095,19.6761,69.1475,1563204999.0,POINT (69.14749999999999 19.6761)
1096,20.2116,69.6018,1563205010.0,POINT (69.6018 20.2116)
1097,20.7214,70.0388,1563205020.0,POINT (70.03879999999999 20.7214)
1098,21.2056,70.4579,1563205031.0,POINT (70.4579 21.2056)
1099,21.6887,70.8802,1563205041.0,POINT (70.8802 21.6887)
1100,22.1705,71.3056,1563205051.0,POINT (71.3056 22.1705)
1101,22.6749,71.7557,1563205061.0,POINT (71.7557 22.6749)
1102,23.1538,72.1877,1563205071.0,POINT (72.18770000000001 23.1538)
1103,23.6552,72.645,1563205082.0,POINT (72.645 23.6552)
1104,24.1311,73.0841,1563205092.0,POINT (73.08410000000001 24.1311)
1105,24.6056,73.5269,1563205102.0,POINT (73.5269 24.6056)
1106,25.1258,74.0182,1563205113.0,POINT (74.01819999999999 25.1258)
1107,25.6205,74.4915,1563205123.0,POINT (74.4915 25.6205)
1108,26.0899,74.9463,1563205133.0,POINT (74.94629999999999 26.0899)
1109,26.5577,75.405,1563205143.0,POINT (75.405 26.5577)
1110,27.0236,75.8679,1563205153.0,POINT (75.86790000000001 27.0236)
1111,27.511,76.3584,1563205164.0,POINT (76.3584 27.511)
1112,27.9732,76.8301,1563205174.0,POINT (76.8301 27.9732)
1113,28.4336,77.3062,1563205184.0,POINT (77.3062 28.4336)
1114,28.8919,77.7868,1563205194.0,POINT (77.7868 28.8919)
1115,29.371,78.2964,1563205204.0,POINT (78.29640000000001 29.371)
1116,29.8252,78.7867,1563205214.0,POINT (78.7867 29.8252)
1117,30.2772,79.2818,1563205224.0,POINT (79.2818 30.2772)
1118,30.7494,79.807,1563205235.0,POINT (79.807 30.7494)
1119,31.1967,80.3124,1563205245.0,POINT (80.3124 31.1967)
1120,31.6419,80.8231,1563205255.0,POINT (80.8231 31.6419)
1121,32.1066,81.365,1563205266.0,POINT (81.36499999999999 32.1066)
1122,32.5467,81.8867,1563205276.0,POINT (81.8867 32.5467)
1123,32.9843,82.4139,1563205286.0,POINT (82.4139 32.9843)
1124,33.4193,82.9469,1563205296.0,POINT (82.9469 33.4193)
1125,33.8731,83.5126,1563205306.0,POINT (83.51260000000001 33.8731)
1126,34.3025,84.0575,1563205316.0,POINT (84.0575 34.3025)
1127,34.729,84.6083,1563205326.0,POINT (84.6083 34.729)
1128,35.1528,85.1655,1563205336.0,POINT (85.16549999999999 35.1528)
1129,35.5945,85.7573,1563205347.0,POINT (85.7573 35.5945)
1130,36.0119,86.3273,1563205357.0,POINT (86.32729999999999 36.0119)
1131,36.4263,86.9038,1563205367.0,POINT (86.9038 36.4263)
1132,36.8579,87.5164,1563205377.0,POINT (87.5164 36.8579)
1133,37.3061,88.166,1563205388.0,POINT (88.166 37.3061)
1134,37.7302,88.7939,1563205399.0,POINT (88.79389999999999 37.7302)
1135,38.1304,89.3992,1563205409.0,POINT (89.39919999999999 38.1304)
1136,38.5272,90.0116,1563205419.0,POINT (90.0116 38.5272)
1137,38.9397,90.6623,1563205429.0,POINT (90.6623 38.9397)
1138,39.3288,91.2897,1563205440.0,POINT (91.2897 39.3288)
1139,39.7331,91.9564,1563205450.0,POINT (91.9564 39.7331)
1140,40.1141,92.5992,1563205460.0,POINT (92.5992 40.1141)
1141,40.4911,93.2497,1563205470.0,POINT (93.2497 40.4911)
1142,40.8638,93.9079,1563205480.0,POINT (93.9079 40.8638)
1143,41.2506,94.6075,1563205491.0,POINT (94.6075 41.2506)
1144,41.6144,95.282,1563205501.0,POINT (95.282 41.6144)
1145,41.9916,95.999,1563205511.0,POINT (95.999 41.9916)
1146,42.3461,96.6902,1563205521.0,POINT (96.6902 42.3461)
1147,42.6959,97.3897,1563205531.0,POINT (97.3897 42.6959)
1148,43.058,98.1332,1563205542.0,POINT (98.1332 43.058)
1149,43.3978,98.8501,1563205552.0,POINT (98.8501 43.3978)
1150,43.7491,99.6119,1563205562.0,POINT (99.61190000000001 43.7491)
1151,44.0783,100.3462,1563205572.0,POINT (100.3462 44.0783)
1152,44.4023,101.0891,1563205582.0,POINT (101.0891 44.4023)
1153,44.7366,101.8786,1563205593.0,POINT (101.8786 44.7366)
1154,45.0492,102.6394,1563205603.0,POINT (102.6394 45.0492)
1155,45.3714,103.4476,1563205613.0,POINT (103.4476 45.3714)
1156,45.6723,104.2265,1563205623.0,POINT (104.2265 45.6723)
1157,45.9818,105.0537,1563205634.0,POINT (105.0537 45.9818)
1158,46.2703,105.8505,1563205644.0,POINT (105.8505 46.2703)
1159,46.5667,106.6967,1563205655.0,POINT (106.6967 46.5667)
1160,46.856,107.5527,1563205665.0,POINT (107.5527 46.856)
1161,47.125,108.3768,1563205675.0,POINT (108.3768 47.125)
1162,47.4002,109.2515,1563205686.0,POINT (109.2515 47.4002)
1163,47.6555,110.0934,1563205696.0,POINT (110.0934 47.6555)
1164,47.904,110.9441,1563205706.0,POINT (110.9441 47.904)
1165,48.1573,111.8464,1563205716.0,POINT (111.8464 48.1573)
1166,48.3913,112.7142,1563205726.0,POINT (112.7142 48.3913)
1167,48.6291,113.6343,1563205737.0,POINT (113.6343 48.6291)
1168,48.8481,114.519,1563205747.0,POINT (114.519 48.8481)
1169,49.0699,115.4565,1563205757.0,POINT (115.4565 49.0699)
1170,49.2734,116.3573,1563205767.0,POINT (116.3573 49.2734)
1171,49.4691,117.2659,1563205777.0,POINT (117.2659 49.4691)
1172,49.657,118.1821,1563205787.0,POINT (118.1821 49.657)
1173,49.8457,119.1519,1563205798.0,POINT (119.1519 49.8457)
1174,50.0171,120.0828,1563205808.0,POINT (120.0828 50.0171)
1175,50.1883,121.0676,1563205818.0,POINT (121.0676 50.1883)
1176,50.3428,122.0122,1563205828.0,POINT (122.0122 50.3428)
1177,50.496,123.0107,1563205839.0,POINT (123.0107 50.496)
1178,50.6398,124.0159,1563205849.0,POINT (124.0159 50.6398)
1179,50.768,124.979,1563205860.0,POINT (124.979 50.768)
1180,50.8932,125.9959,1563205870.0,POINT (125.9959 50.8932)
1181,51.0034,126.9698,1563205880.0,POINT (126.9698 51.0034)
1182,51.1097,127.9973,1563205891.0,POINT (127.9973 51.1097)
1183,51.2017,128.9803,1563205901.0,POINT (128.9803 51.2017)
1184,51.2847,129.9671,1563205911.0,POINT (129.9671 51.2847)
1185,51.3621,131.007,1563205921.0,POINT (131.007 51.3621)
1186,51.4265,132.0007,1563205931.0,POINT (132.0007 51.4265)
1187,51.4843,133.0469,1563205942.0,POINT (133.0469 51.4843)
1188,51.5299,134.0458,1563205952.0,POINT (134.0458 51.5299)
1189,51.5662,135.0466,1563205962.0,POINT (135.0466 51.5662)
1190,51.5944,136.0988,1563205972.0,POINT (136.0988 51.5944)
1191,51.6118,137.1021,1563205982.0,POINT (137.1021 51.6118)
1192,51.62,138.1562,1563205993.0,POINT (138.1562 51.62)
1193,51.6183,139.1601,1563206003.0,POINT (139.1601 51.6183)
1194,51.6064,140.2141,1563206013.0,POINT (140.2141 51.6064)
1195,51.5857,141.2173,1563206023.0,POINT (141.2173 51.5857)
1196,51.5556,142.2194,1563206033.0,POINT (142.2194 51.5556)
1197,51.5141,143.2697,1563206044.0,POINT (143.2697 51.5141)
1198,51.4651,144.2677,1563206054.0,POINT (144.2677 51.4651)
1199,51.4037,145.313,1563206065.0,POINT (145.313 51.4037)
1200,51.3359,146.3057,1563206075.0,POINT (146.3057 51.3359)
